scenario       ,     K,structure_mode      ,  frame,   broad_phase_pairs,    collisions_pairs,  rebuilt
uniform_cloud  ,     0,brute_force         ,      0,                 293,                 293,        0
uniform_cloud  ,     0,brute_force         ,      1,                 182,                 182,        0
uniform_cloud  ,     0,brute_force         ,      2,                 171,                 171,        0
uniform_cloud  ,     0,brute_force         ,      3,                 165,                 165,        0
uniform_cloud  ,     0,brute_force         ,      4,                 151,                 151,        0
uniform_cloud  ,     0,brute_force         ,      5,                 149,                 149,        0
uniform_cloud  ,     0,brute_force         ,      6,                 146,                 146,        0
uniform_cloud  ,     0,brute_force         ,      7,                 138,                 138,        0
uniform_cloud  ,     0,brute_force         ,      8,                 133,                 133,        0
uniform_cloud  ,     0,brute_force         ,      9,                 126,                 126,        0
uniform_cloud  ,     0,brute_force         ,     10,                 120,                 120,        0
uniform_cloud  ,     0,brute_force         ,     11,                 116,                 116,        0
uniform_cloud  ,     0,brute_force         ,     12,                 111,                 111,        0
uniform_cloud  ,     0,brute_force         ,     13,                 110,                 110,        0
uniform_cloud  ,     0,brute_force         ,     14,                 107,                 107,        0
uniform_cloud  ,     0,brute_force         ,     15,                 105,                 105,        0
uniform_cloud  ,     0,brute_force         ,     16,                 105,                 105,        0
uniform_cloud  ,     0,brute_force         ,     17,                  93,                  93,        0
uniform_cloud  ,     0,brute_force         ,     18,                  95,                  95,        0
uniform_cloud  ,     0,brute_force         ,     19,                  90,                  90,        0
uniform_cloud  ,     0,brute_force         ,     20,                  83,                  83,        0
uniform_cloud  ,     0,brute_force         ,     21,                  83,                  83,        0
uniform_cloud  ,     0,brute_force         ,     22,                  78,                  78,        0
uniform_cloud  ,     0,brute_force         ,     23,                  73,                  73,        0
uniform_cloud  ,     0,brute_force         ,     24,                  72,                  72,        0
uniform_cloud  ,     0,brute_force         ,     25,                  71,                  71,        0
uniform_cloud  ,     0,brute_force         ,     26,                  70,                  70,        0
uniform_cloud  ,     0,brute_force         ,     27,                  66,                  66,        0
uniform_cloud  ,     0,brute_force         ,     28,                  65,                  65,        0
uniform_cloud  ,     0,brute_force         ,     29,                  58,                  58,        0
uniform_cloud  ,     0,brute_force         ,     30,                  56,                  56,        0
uniform_cloud  ,     0,brute_force         ,     31,                  53,                  53,        0
uniform_cloud  ,     0,brute_force         ,     32,                  53,                  53,        0
uniform_cloud  ,     0,brute_force         ,     33,                  47,                  47,        0
uniform_cloud  ,     0,brute_force         ,     34,                  46,                  46,        0
uniform_cloud  ,     0,brute_force         ,     35,                  42,                  42,        0
uniform_cloud  ,     0,brute_force         ,     36,                  41,                  41,        0
uniform_cloud  ,     0,brute_force         ,     37,                  41,                  41,        0
uniform_cloud  ,     0,brute_force         ,     38,                  42,                  42,        0
uniform_cloud  ,     0,brute_force         ,     39,                  38,                  38,        0
uniform_cloud  ,     0,uniform_grid        ,      0,                6078,                 293,        1
uniform_cloud  ,     0,uniform_grid        ,      1,                6094,                 182,        1
uniform_cloud  ,     0,uniform_grid        ,      2,                6087,                 171,        1
uniform_cloud  ,     0,uniform_grid        ,      3,                6079,                 165,        1
uniform_cloud  ,     0,uniform_grid        ,      4,                6061,                 151,        1
uniform_cloud  ,     0,uniform_grid        ,      5,                6062,                 149,        1
uniform_cloud  ,     0,uniform_grid        ,      6,                6080,                 146,        1
uniform_cloud  ,     0,uniform_grid        ,      7,                6084,                 138,        1
uniform_cloud  ,     0,uniform_grid        ,      8,                6084,                 133,        1
uniform_cloud  ,     0,uniform_grid        ,      9,                6079,                 126,        1
uniform_cloud  ,     0,uniform_grid        ,     10,                6087,                 120,        1
uniform_cloud  ,     0,uniform_grid        ,     11,                6087,                 116,        1
uniform_cloud  ,     0,uniform_grid        ,     12,                6077,                 111,        1
uniform_cloud  ,     0,uniform_grid        ,     13,                6087,                 110,        1
uniform_cloud  ,     0,uniform_grid        ,     14,                6090,                 107,        1
uniform_cloud  ,     0,uniform_grid        ,     15,                6092,                 105,        1
uniform_cloud  ,     0,uniform_grid        ,     16,                6085,                 105,        1
uniform_cloud  ,     0,uniform_grid        ,     17,                6089,                  93,        1
uniform_cloud  ,     0,uniform_grid        ,     18,                6067,                  95,        1
uniform_cloud  ,     0,uniform_grid        ,     19,                6067,                  90,        1
uniform_cloud  ,     0,uniform_grid        ,     20,                6074,                  83,        1
uniform_cloud  ,     0,uniform_grid        ,     21,                6082,                  83,        1
uniform_cloud  ,     0,uniform_grid        ,     22,                6081,                  78,        1
uniform_cloud  ,     0,uniform_grid        ,     23,                6068,                  73,        1
uniform_cloud  ,     0,uniform_grid        ,     24,                6070,                  72,        1
uniform_cloud  ,     0,uniform_grid        ,     25,                6070,                  71,        1
uniform_cloud  ,     0,uniform_grid        ,     26,                6066,                  70,        1
uniform_cloud  ,     0,uniform_grid        ,     27,                6067,                  66,        1
uniform_cloud  ,     0,uniform_grid        ,     28,                6064,                  65,        1
uniform_cloud  ,     0,uniform_grid        ,     29,                6064,                  58,        1
uniform_cloud  ,     0,uniform_grid        ,     30,                6063,                  56,        1
uniform_cloud  ,     0,uniform_grid        ,     31,                6047,                  53,        1
uniform_cloud  ,     0,uniform_grid        ,     32,                6064,                  53,        1
uniform_cloud  ,     0,uniform_grid        ,     33,                6056,                  47,        1
uniform_cloud  ,     0,uniform_grid        ,     34,                6028,                  46,        1
uniform_cloud  ,     0,uniform_grid        ,     35,                6027,                  42,        1
uniform_cloud  ,     0,uniform_grid        ,     36,                6040,                  41,        1
uniform_cloud  ,     0,uniform_grid        ,     37,                6056,                  41,        1
uniform_cloud  ,     0,uniform_grid        ,     38,                6066,                  42,        1
uniform_cloud  ,     0,uniform_grid        ,     39,                6070,                  38,        1
uniform_cloud  ,     0,uniform_grid+skin   ,      0,                6078,                 293,        1
uniform_cloud  ,     0,uniform_grid+skin   ,      1,                6094,                 182,        1
uniform_cloud  ,     0,uniform_grid+skin   ,      2,                6087,                 171,        1
uniform_cloud  ,     0,uniform_grid+skin   ,      3,                6079,                 165,        1
uniform_cloud  ,     0,uniform_grid+skin   ,      4,                6061,                 151,        1
uniform_cloud  ,     0,uniform_grid+skin   ,      5,                6062,                 149,        1
uniform_cloud  ,     0,uniform_grid+skin   ,      6,                6080,                 146,        1
uniform_cloud  ,     0,uniform_grid+skin   ,      7,                6084,                 138,        1
uniform_cloud  ,     0,uniform_grid+skin   ,      8,                6084,                 133,        1
uniform_cloud  ,     0,uniform_grid+skin   ,      9,                6079,                 126,        1
uniform_cloud  ,     0,uniform_grid+skin   ,     10,                6087,                 120,        1
uniform_cloud  ,     0,uniform_grid+skin   ,     11,                6087,                 116,        1
uniform_cloud  ,     0,uniform_grid+skin   ,     12,                6077,                 111,        1
uniform_cloud  ,     0,uniform_grid+skin   ,     13,                6087,                 110,        1
uniform_cloud  ,     0,uniform_grid+skin   ,     14,                6090,                 107,        1
uniform_cloud  ,     0,uniform_grid+skin   ,     15,                6092,                 105,        1
uniform_cloud  ,     0,uniform_grid+skin   ,     16,                6085,                 105,        1
uniform_cloud  ,     0,uniform_grid+skin   ,     17,                6089,                  93,        1
uniform_cloud  ,     0,uniform_grid+skin   ,     18,                6067,                  95,        1
uniform_cloud  ,     0,uniform_grid+skin   ,     19,                6067,                  90,        1
uniform_cloud  ,     0,uniform_grid+skin   ,     20,                6074,                  83,        1
uniform_cloud  ,     0,uniform_grid+skin   ,     21,                6082,                  83,        1
uniform_cloud  ,     0,uniform_grid+skin   ,     22,                6081,                  78,        1
uniform_cloud  ,     0,uniform_grid+skin   ,     23,                6068,                  73,        1
uniform_cloud  ,     0,uniform_grid+skin   ,     24,                6070,                  72,        1
uniform_cloud  ,     0,uniform_grid+skin   ,     25,                6070,                  71,        1
uniform_cloud  ,     0,uniform_grid+skin   ,     26,                6066,                  70,        1
uniform_cloud  ,     0,uniform_grid+skin   ,     27,                6067,                  66,        1
uniform_cloud  ,     0,uniform_grid+skin   ,     28,                6064,                  65,        1
uniform_cloud  ,     0,uniform_grid+skin   ,     29,                6064,                  58,        1
uniform_cloud  ,     0,uniform_grid+skin   ,     30,                6063,                  56,        1
uniform_cloud  ,     0,uniform_grid+skin   ,     31,                6047,                  53,        1
uniform_cloud  ,     0,uniform_grid+skin   ,     32,                6064,                  53,        1
uniform_cloud  ,     0,uniform_grid+skin   ,     33,                6056,                  47,        1
uniform_cloud  ,     0,uniform_grid+skin   ,     34,                6028,                  46,        1
uniform_cloud  ,     0,uniform_grid+skin   ,     35,                6027,                  42,        1
uniform_cloud  ,     0,uniform_grid+skin   ,     36,                6040,                  41,        1
uniform_cloud  ,     0,uniform_grid+skin   ,     37,                6056,                  41,        1
uniform_cloud  ,     0,uniform_grid+skin   ,     38,                6066,                  42,        1
uniform_cloud  ,     0,uniform_grid+skin   ,     39,                6070,                  38,        1
uniform_cloud  ,     0,octree              ,      0,               75980,                 293,        1
uniform_cloud  ,     0,octree              ,      1,               76044,                 182,        1
uniform_cloud  ,     0,octree              ,      2,               76100,                 171,        1
uniform_cloud  ,     0,octree              ,      3,               76069,                 165,        1
uniform_cloud  ,     0,octree              ,      4,               76007,                 151,        1
uniform_cloud  ,     0,octree              ,      5,               76120,                 149,        1
uniform_cloud  ,     0,octree              ,      6,               76091,                 146,        1
uniform_cloud  ,     0,octree              ,      7,               76150,                 138,        1
uniform_cloud  ,     0,octree              ,      8,               76146,                 133,        1
uniform_cloud  ,     0,octree              ,      9,               76460,                 126,        1
uniform_cloud  ,     0,octree              ,     10,               76411,                 120,        1
uniform_cloud  ,     0,octree              ,     11,               76589,                 116,        1
uniform_cloud  ,     0,octree              ,     12,               76899,                 111,        1
uniform_cloud  ,     0,octree              ,     13,               76585,                 110,        1
uniform_cloud  ,     0,octree              ,     14,               76609,                 107,        1
uniform_cloud  ,     0,octree              ,     15,               76665,                 105,        1
uniform_cloud  ,     0,octree              ,     16,               76689,                 105,        1
uniform_cloud  ,     0,octree              ,     17,               76749,                  93,        1
uniform_cloud  ,     0,octree              ,     18,               76797,                  95,        1
uniform_cloud  ,     0,octree              ,     19,               76782,                  90,        1
uniform_cloud  ,     0,octree              ,     20,               76951,                  83,        1
uniform_cloud  ,     0,octree              ,     21,               77221,                  83,        1
uniform_cloud  ,     0,octree              ,     22,               77255,                  78,        1
uniform_cloud  ,     0,octree              ,     23,               77253,                  73,        1
uniform_cloud  ,     0,octree              ,     24,               77209,                  72,        1
uniform_cloud  ,     0,octree              ,     25,               77130,                  71,        1
uniform_cloud  ,     0,octree              ,     26,               77117,                  70,        1
uniform_cloud  ,     0,octree              ,     27,               77117,                  66,        1
uniform_cloud  ,     0,octree              ,     28,               76980,                  65,        1
uniform_cloud  ,     0,octree              ,     29,               76393,                  58,        1
uniform_cloud  ,     0,octree              ,     30,               76401,                  56,        1
uniform_cloud  ,     0,octree              ,     31,               76355,                  53,        1
uniform_cloud  ,     0,octree              ,     32,               76294,                  53,        1
uniform_cloud  ,     0,octree              ,     33,               76347,                  47,        1
uniform_cloud  ,     0,octree              ,     34,               75774,                  46,        1
uniform_cloud  ,     0,octree              ,     35,               75779,                  42,        1
uniform_cloud  ,     0,octree              ,     36,               75740,                  41,        1
uniform_cloud  ,     0,octree              ,     37,               76350,                  41,        1
uniform_cloud  ,     0,octree              ,     38,               76069,                  42,        1
uniform_cloud  ,     0,octree              ,     39,               76413,                  38,        1
uniform_cloud  ,     0,octree+skin         ,      0,               75980,                 293,        1
uniform_cloud  ,     0,octree+skin         ,      1,               76044,                 182,        1
uniform_cloud  ,     0,octree+skin         ,      2,               76100,                 171,        1
uniform_cloud  ,     0,octree+skin         ,      3,               76069,                 165,        1
uniform_cloud  ,     0,octree+skin         ,      4,               76007,                 151,        1
uniform_cloud  ,     0,octree+skin         ,      5,               76120,                 149,        1
uniform_cloud  ,     0,octree+skin         ,      6,               76091,                 146,        1
uniform_cloud  ,     0,octree+skin         ,      7,               76150,                 138,        1
uniform_cloud  ,     0,octree+skin         ,      8,               76146,                 133,        1
uniform_cloud  ,     0,octree+skin         ,      9,               76460,                 126,        1
uniform_cloud  ,     0,octree+skin         ,     10,               76411,                 120,        1
uniform_cloud  ,     0,octree+skin         ,     11,               76589,                 116,        1
uniform_cloud  ,     0,octree+skin         ,     12,               76899,                 111,        1
uniform_cloud  ,     0,octree+skin         ,     13,               76585,                 110,        1
uniform_cloud  ,     0,octree+skin         ,     14,               76609,                 107,        1
uniform_cloud  ,     0,octree+skin         ,     15,               76665,                 105,        1
uniform_cloud  ,     0,octree+skin         ,     16,               76689,                 105,        1
uniform_cloud  ,     0,octree+skin         ,     17,               76749,                  93,        1
uniform_cloud  ,     0,octree+skin         ,     18,               76797,                  95,        1
uniform_cloud  ,     0,octree+skin         ,     19,               76782,                  90,        1
uniform_cloud  ,     0,octree+skin         ,     20,               76951,                  83,        1
uniform_cloud  ,     0,octree+skin         ,     21,               77221,                  83,        1
uniform_cloud  ,     0,octree+skin         ,     22,               77255,                  78,        1
uniform_cloud  ,     0,octree+skin         ,     23,               77253,                  73,        1
uniform_cloud  ,     0,octree+skin         ,     24,               77209,                  72,        1
uniform_cloud  ,     0,octree+skin         ,     25,               77130,                  71,        1
uniform_cloud  ,     0,octree+skin         ,     26,               77117,                  70,        1
uniform_cloud  ,     0,octree+skin         ,     27,               77117,                  66,        1
uniform_cloud  ,     0,octree+skin         ,     28,               76980,                  65,        1
uniform_cloud  ,     0,octree+skin         ,     29,               76393,                  58,        1
uniform_cloud  ,     0,octree+skin         ,     30,               76401,                  56,        1
uniform_cloud  ,     0,octree+skin         ,     31,               76355,                  53,        1
uniform_cloud  ,     0,octree+skin         ,     32,               76294,                  53,        1
uniform_cloud  ,     0,octree+skin         ,     33,               76347,                  47,        1
uniform_cloud  ,     0,octree+skin         ,     34,               75774,                  46,        1
uniform_cloud  ,     0,octree+skin         ,     35,               75779,                  42,        1
uniform_cloud  ,     0,octree+skin         ,     36,               75740,                  41,        1
uniform_cloud  ,     0,octree+skin         ,     37,               76350,                  41,        1
uniform_cloud  ,     0,octree+skin         ,     38,               76069,                  42,        1
uniform_cloud  ,     0,octree+skin         ,     39,               76413,                  38,        1
uniform_cloud  ,     1,brute_force         ,      0,                 293,                 293,        0
uniform_cloud  ,     1,brute_force         ,      1,                 182,                 182,        0
uniform_cloud  ,     1,brute_force         ,      2,                 171,                 171,        0
uniform_cloud  ,     1,brute_force         ,      3,                 165,                 165,        0
uniform_cloud  ,     1,brute_force         ,      4,                 151,                 151,        0
uniform_cloud  ,     1,brute_force         ,      5,                 149,                 149,        0
uniform_cloud  ,     1,brute_force         ,      6,                 146,                 146,        0
uniform_cloud  ,     1,brute_force         ,      7,                 138,                 138,        0
uniform_cloud  ,     1,brute_force         ,      8,                 133,                 133,        0
uniform_cloud  ,     1,brute_force         ,      9,                 126,                 126,        0
uniform_cloud  ,     1,brute_force         ,     10,                 120,                 120,        0
uniform_cloud  ,     1,brute_force         ,     11,                 116,                 116,        0
uniform_cloud  ,     1,brute_force         ,     12,                 111,                 111,        0
uniform_cloud  ,     1,brute_force         ,     13,                 110,                 110,        0
uniform_cloud  ,     1,brute_force         ,     14,                 107,                 107,        0
uniform_cloud  ,     1,brute_force         ,     15,                 105,                 105,        0
uniform_cloud  ,     1,brute_force         ,     16,                 105,                 105,        0
uniform_cloud  ,     1,brute_force         ,     17,                  93,                  93,        0
uniform_cloud  ,     1,brute_force         ,     18,                  95,                  95,        0
uniform_cloud  ,     1,brute_force         ,     19,                  90,                  90,        0
uniform_cloud  ,     1,brute_force         ,     20,                  83,                  83,        0
uniform_cloud  ,     1,brute_force         ,     21,                  83,                  83,        0
uniform_cloud  ,     1,brute_force         ,     22,                  78,                  78,        0
uniform_cloud  ,     1,brute_force         ,     23,                  73,                  73,        0
uniform_cloud  ,     1,brute_force         ,     24,                  72,                  72,        0
uniform_cloud  ,     1,brute_force         ,     25,                  71,                  71,        0
uniform_cloud  ,     1,brute_force         ,     26,                  70,                  70,        0
uniform_cloud  ,     1,brute_force         ,     27,                  66,                  66,        0
uniform_cloud  ,     1,brute_force         ,     28,                  65,                  65,        0
uniform_cloud  ,     1,brute_force         ,     29,                  58,                  58,        0
uniform_cloud  ,     1,brute_force         ,     30,                  56,                  56,        0
uniform_cloud  ,     1,brute_force         ,     31,                  53,                  53,        0
uniform_cloud  ,     1,brute_force         ,     32,                  53,                  53,        0
uniform_cloud  ,     1,brute_force         ,     33,                  47,                  47,        0
uniform_cloud  ,     1,brute_force         ,     34,                  46,                  46,        0
uniform_cloud  ,     1,brute_force         ,     35,                  42,                  42,        0
uniform_cloud  ,     1,brute_force         ,     36,                  41,                  41,        0
uniform_cloud  ,     1,brute_force         ,     37,                  41,                  41,        0
uniform_cloud  ,     1,brute_force         ,     38,                  42,                  42,        0
uniform_cloud  ,     1,brute_force         ,     39,                  38,                  38,        0
uniform_cloud  ,     1,uniform_grid        ,      0,                6078,                 293,        1
uniform_cloud  ,     1,uniform_grid        ,      1,                6094,                 182,        1
uniform_cloud  ,     1,uniform_grid        ,      2,                6087,                 171,        1
uniform_cloud  ,     1,uniform_grid        ,      3,                6079,                 165,        1
uniform_cloud  ,     1,uniform_grid        ,      4,                6061,                 151,        1
uniform_cloud  ,     1,uniform_grid        ,      5,                6062,                 149,        1
uniform_cloud  ,     1,uniform_grid        ,      6,                6080,                 146,        1
uniform_cloud  ,     1,uniform_grid        ,      7,                6084,                 138,        1
uniform_cloud  ,     1,uniform_grid        ,      8,                6084,                 133,        1
uniform_cloud  ,     1,uniform_grid        ,      9,                6079,                 126,        1
uniform_cloud  ,     1,uniform_grid        ,     10,                6087,                 120,        1
uniform_cloud  ,     1,uniform_grid        ,     11,                6087,                 116,        1
uniform_cloud  ,     1,uniform_grid        ,     12,                6077,                 111,        1
uniform_cloud  ,     1,uniform_grid        ,     13,                6087,                 110,        1
uniform_cloud  ,     1,uniform_grid        ,     14,                6090,                 107,        1
uniform_cloud  ,     1,uniform_grid        ,     15,                6092,                 105,        1
uniform_cloud  ,     1,uniform_grid        ,     16,                6085,                 105,        1
uniform_cloud  ,     1,uniform_grid        ,     17,                6089,                  93,        1
uniform_cloud  ,     1,uniform_grid        ,     18,                6067,                  95,        1
uniform_cloud  ,     1,uniform_grid        ,     19,                6067,                  90,        1
uniform_cloud  ,     1,uniform_grid        ,     20,                6074,                  83,        1
uniform_cloud  ,     1,uniform_grid        ,     21,                6082,                  83,        1
uniform_cloud  ,     1,uniform_grid        ,     22,                6081,                  78,        1
uniform_cloud  ,     1,uniform_grid        ,     23,                6068,                  73,        1
uniform_cloud  ,     1,uniform_grid        ,     24,                6070,                  72,        1
uniform_cloud  ,     1,uniform_grid        ,     25,                6070,                  71,        1
uniform_cloud  ,     1,uniform_grid        ,     26,                6066,                  70,        1
uniform_cloud  ,     1,uniform_grid        ,     27,                6067,                  66,        1
uniform_cloud  ,     1,uniform_grid        ,     28,                6064,                  65,        1
uniform_cloud  ,     1,uniform_grid        ,     29,                6064,                  58,        1
uniform_cloud  ,     1,uniform_grid        ,     30,                6063,                  56,        1
uniform_cloud  ,     1,uniform_grid        ,     31,                6047,                  53,        1
uniform_cloud  ,     1,uniform_grid        ,     32,                6064,                  53,        1
uniform_cloud  ,     1,uniform_grid        ,     33,                6056,                  47,        1
uniform_cloud  ,     1,uniform_grid        ,     34,                6028,                  46,        1
uniform_cloud  ,     1,uniform_grid        ,     35,                6027,                  42,        1
uniform_cloud  ,     1,uniform_grid        ,     36,                6040,                  41,        1
uniform_cloud  ,     1,uniform_grid        ,     37,                6056,                  41,        1
uniform_cloud  ,     1,uniform_grid        ,     38,                6066,                  42,        1
uniform_cloud  ,     1,uniform_grid        ,     39,                6070,                  38,        1
uniform_cloud  ,     1,uniform_grid+skin   ,      0,                6078,                 293,        1
uniform_cloud  ,     1,uniform_grid+skin   ,      1,                6094,                 182,        1
uniform_cloud  ,     1,uniform_grid+skin   ,      2,                6087,                 171,        1
uniform_cloud  ,     1,uniform_grid+skin   ,      3,                6079,                 165,        1
uniform_cloud  ,     1,uniform_grid+skin   ,      4,                6061,                 151,        1
uniform_cloud  ,     1,uniform_grid+skin   ,      5,                6062,                 149,        1
uniform_cloud  ,     1,uniform_grid+skin   ,      6,                6080,                 146,        1
uniform_cloud  ,     1,uniform_grid+skin   ,      7,                6084,                 138,        1
uniform_cloud  ,     1,uniform_grid+skin   ,      8,                6084,                 133,        1
uniform_cloud  ,     1,uniform_grid+skin   ,      9,                6079,                 126,        1
uniform_cloud  ,     1,uniform_grid+skin   ,     10,                6087,                 120,        1
uniform_cloud  ,     1,uniform_grid+skin   ,     11,                6087,                 116,        1
uniform_cloud  ,     1,uniform_grid+skin   ,     12,                6077,                 111,        1
uniform_cloud  ,     1,uniform_grid+skin   ,     13,                6087,                 110,        1
uniform_cloud  ,     1,uniform_grid+skin   ,     14,                6090,                 107,        1
uniform_cloud  ,     1,uniform_grid+skin   ,     15,                6092,                 105,        1
uniform_cloud  ,     1,uniform_grid+skin   ,     16,                6085,                 105,        1
uniform_cloud  ,     1,uniform_grid+skin   ,     17,                6089,                  93,        1
uniform_cloud  ,     1,uniform_grid+skin   ,     18,                6067,                  95,        1
uniform_cloud  ,     1,uniform_grid+skin   ,     19,                6067,                  90,        1
uniform_cloud  ,     1,uniform_grid+skin   ,     20,                6074,                  83,        1
uniform_cloud  ,     1,uniform_grid+skin   ,     21,                6082,                  83,        1
uniform_cloud  ,     1,uniform_grid+skin   ,     22,                6081,                  78,        1
uniform_cloud  ,     1,uniform_grid+skin   ,     23,                6068,                  73,        1
uniform_cloud  ,     1,uniform_grid+skin   ,     24,                6070,                  72,        1
uniform_cloud  ,     1,uniform_grid+skin   ,     25,                6070,                  71,        1
uniform_cloud  ,     1,uniform_grid+skin   ,     26,                6066,                  70,        1
uniform_cloud  ,     1,uniform_grid+skin   ,     27,                6067,                  66,        1
uniform_cloud  ,     1,uniform_grid+skin   ,     28,                6064,                  65,        1
uniform_cloud  ,     1,uniform_grid+skin   ,     29,                6064,                  58,        1
uniform_cloud  ,     1,uniform_grid+skin   ,     30,                6063,                  56,        1
uniform_cloud  ,     1,uniform_grid+skin   ,     31,                6047,                  53,        1
uniform_cloud  ,     1,uniform_grid+skin   ,     32,                6064,                  53,        1
uniform_cloud  ,     1,uniform_grid+skin   ,     33,                6056,                  47,        1
uniform_cloud  ,     1,uniform_grid+skin   ,     34,                6028,                  46,        1
uniform_cloud  ,     1,uniform_grid+skin   ,     35,                6027,                  42,        1
uniform_cloud  ,     1,uniform_grid+skin   ,     36,                6040,                  41,        1
uniform_cloud  ,     1,uniform_grid+skin   ,     37,                6056,                  41,        1
uniform_cloud  ,     1,uniform_grid+skin   ,     38,                6066,                  42,        1
uniform_cloud  ,     1,uniform_grid+skin   ,     39,                6070,                  38,        1
uniform_cloud  ,     1,octree              ,      0,               75980,                 293,        1
uniform_cloud  ,     1,octree              ,      1,               76044,                 182,        1
uniform_cloud  ,     1,octree              ,      2,               76100,                 171,        1
uniform_cloud  ,     1,octree              ,      3,               76069,                 165,        1
uniform_cloud  ,     1,octree              ,      4,               76007,                 151,        1
uniform_cloud  ,     1,octree              ,      5,               76120,                 149,        1
uniform_cloud  ,     1,octree              ,      6,               76091,                 146,        1
uniform_cloud  ,     1,octree              ,      7,               76150,                 138,        1
uniform_cloud  ,     1,octree              ,      8,               76146,                 133,        1
uniform_cloud  ,     1,octree              ,      9,               76460,                 126,        1
uniform_cloud  ,     1,octree              ,     10,               76411,                 120,        1
uniform_cloud  ,     1,octree              ,     11,               76589,                 116,        1
uniform_cloud  ,     1,octree              ,     12,               76899,                 111,        1
uniform_cloud  ,     1,octree              ,     13,               76585,                 110,        1
uniform_cloud  ,     1,octree              ,     14,               76609,                 107,        1
uniform_cloud  ,     1,octree              ,     15,               76665,                 105,        1
uniform_cloud  ,     1,octree              ,     16,               76689,                 105,        1
uniform_cloud  ,     1,octree              ,     17,               76749,                  93,        1
uniform_cloud  ,     1,octree              ,     18,               76797,                  95,        1
uniform_cloud  ,     1,octree              ,     19,               76782,                  90,        1
uniform_cloud  ,     1,octree              ,     20,               76951,                  83,        1
uniform_cloud  ,     1,octree              ,     21,               77221,                  83,        1
uniform_cloud  ,     1,octree              ,     22,               77255,                  78,        1
uniform_cloud  ,     1,octree              ,     23,               77253,                  73,        1
uniform_cloud  ,     1,octree              ,     24,               77209,                  72,        1
uniform_cloud  ,     1,octree              ,     25,               77130,                  71,        1
uniform_cloud  ,     1,octree              ,     26,               77117,                  70,        1
uniform_cloud  ,     1,octree              ,     27,               77117,                  66,        1
uniform_cloud  ,     1,octree              ,     28,               76980,                  65,        1
uniform_cloud  ,     1,octree              ,     29,               76393,                  58,        1
uniform_cloud  ,     1,octree              ,     30,               76401,                  56,        1
uniform_cloud  ,     1,octree              ,     31,               76355,                  53,        1
uniform_cloud  ,     1,octree              ,     32,               76294,                  53,        1
uniform_cloud  ,     1,octree              ,     33,               76347,                  47,        1
uniform_cloud  ,     1,octree              ,     34,               75774,                  46,        1
uniform_cloud  ,     1,octree              ,     35,               75779,                  42,        1
uniform_cloud  ,     1,octree              ,     36,               75740,                  41,        1
uniform_cloud  ,     1,octree              ,     37,               76350,                  41,        1
uniform_cloud  ,     1,octree              ,     38,               76069,                  42,        1
uniform_cloud  ,     1,octree              ,     39,               76413,                  38,        1
uniform_cloud  ,     1,octree+skin         ,      0,               75980,                 293,        1
uniform_cloud  ,     1,octree+skin         ,      1,               76044,                 182,        1
uniform_cloud  ,     1,octree+skin         ,      2,               76100,                 171,        1
uniform_cloud  ,     1,octree+skin         ,      3,               76069,                 165,        1
uniform_cloud  ,     1,octree+skin         ,      4,               76007,                 151,        1
uniform_cloud  ,     1,octree+skin         ,      5,               76120,                 149,        1
uniform_cloud  ,     1,octree+skin         ,      6,               76091,                 146,        1
uniform_cloud  ,     1,octree+skin         ,      7,               76150,                 138,        1
uniform_cloud  ,     1,octree+skin         ,      8,               76146,                 133,        1
uniform_cloud  ,     1,octree+skin         ,      9,               76460,                 126,        1
uniform_cloud  ,     1,octree+skin         ,     10,               76411,                 120,        1
uniform_cloud  ,     1,octree+skin         ,     11,               76589,                 116,        1
uniform_cloud  ,     1,octree+skin         ,     12,               76899,                 111,        1
uniform_cloud  ,     1,octree+skin         ,     13,               76585,                 110,        1
uniform_cloud  ,     1,octree+skin         ,     14,               76609,                 107,        1
uniform_cloud  ,     1,octree+skin         ,     15,               76665,                 105,        1
uniform_cloud  ,     1,octree+skin         ,     16,               76689,                 105,        1
uniform_cloud  ,     1,octree+skin         ,     17,               76749,                  93,        1
uniform_cloud  ,     1,octree+skin         ,     18,               76797,                  95,        1
uniform_cloud  ,     1,octree+skin         ,     19,               76782,                  90,        1
uniform_cloud  ,     1,octree+skin         ,     20,               76951,                  83,        1
uniform_cloud  ,     1,octree+skin         ,     21,               77221,                  83,        1
uniform_cloud  ,     1,octree+skin         ,     22,               77255,                  78,        1
uniform_cloud  ,     1,octree+skin         ,     23,               77253,                  73,        1
uniform_cloud  ,     1,octree+skin         ,     24,               77209,                  72,        1
uniform_cloud  ,     1,octree+skin         ,     25,               77130,                  71,        1
uniform_cloud  ,     1,octree+skin         ,     26,               77117,                  70,        1
uniform_cloud  ,     1,octree+skin         ,     27,               77117,                  66,        1
uniform_cloud  ,     1,octree+skin         ,     28,               76980,                  65,        1
uniform_cloud  ,     1,octree+skin         ,     29,               76393,                  58,        1
uniform_cloud  ,     1,octree+skin         ,     30,               76401,                  56,        1
uniform_cloud  ,     1,octree+skin         ,     31,               76355,                  53,        1
uniform_cloud  ,     1,octree+skin         ,     32,               76294,                  53,        1
uniform_cloud  ,     1,octree+skin         ,     33,               76347,                  47,        1
uniform_cloud  ,     1,octree+skin         ,     34,               75774,                  46,        1
uniform_cloud  ,     1,octree+skin         ,     35,               75779,                  42,        1
uniform_cloud  ,     1,octree+skin         ,     36,               75740,                  41,        1
uniform_cloud  ,     1,octree+skin         ,     37,               76350,                  41,        1
uniform_cloud  ,     1,octree+skin         ,     38,               76069,                  42,        1
uniform_cloud  ,     1,octree+skin         ,     39,               76413,                  38,        1
uniform_cloud  ,     2,brute_force         ,      0,                 293,                 293,        0
uniform_cloud  ,     2,brute_force         ,      1,                 182,                 182,        0
uniform_cloud  ,     2,brute_force         ,      2,                 171,                 171,        0
uniform_cloud  ,     2,brute_force         ,      3,                 165,                 165,        0
uniform_cloud  ,     2,brute_force         ,      4,                 151,                 151,        0
uniform_cloud  ,     2,brute_force         ,      5,                 149,                 149,        0
uniform_cloud  ,     2,brute_force         ,      6,                 146,                 146,        0
uniform_cloud  ,     2,brute_force         ,      7,                 138,                 138,        0
uniform_cloud  ,     2,brute_force         ,      8,                 133,                 133,        0
uniform_cloud  ,     2,brute_force         ,      9,                 126,                 126,        0
uniform_cloud  ,     2,brute_force         ,     10,                 120,                 120,        0
uniform_cloud  ,     2,brute_force         ,     11,                 116,                 116,        0
uniform_cloud  ,     2,brute_force         ,     12,                 111,                 111,        0
uniform_cloud  ,     2,brute_force         ,     13,                 110,                 110,        0
uniform_cloud  ,     2,brute_force         ,     14,                 107,                 107,        0
uniform_cloud  ,     2,brute_force         ,     15,                 105,                 105,        0
uniform_cloud  ,     2,brute_force         ,     16,                 105,                 105,        0
uniform_cloud  ,     2,brute_force         ,     17,                  93,                  93,        0
uniform_cloud  ,     2,brute_force         ,     18,                  95,                  95,        0
uniform_cloud  ,     2,brute_force         ,     19,                  90,                  90,        0
uniform_cloud  ,     2,brute_force         ,     20,                  83,                  83,        0
uniform_cloud  ,     2,brute_force         ,     21,                  83,                  83,        0
uniform_cloud  ,     2,brute_force         ,     22,                  78,                  78,        0
uniform_cloud  ,     2,brute_force         ,     23,                  73,                  73,        0
uniform_cloud  ,     2,brute_force         ,     24,                  72,                  72,        0
uniform_cloud  ,     2,brute_force         ,     25,                  71,                  71,        0
uniform_cloud  ,     2,brute_force         ,     26,                  70,                  70,        0
uniform_cloud  ,     2,brute_force         ,     27,                  66,                  66,        0
uniform_cloud  ,     2,brute_force         ,     28,                  65,                  65,        0
uniform_cloud  ,     2,brute_force         ,     29,                  58,                  58,        0
uniform_cloud  ,     2,brute_force         ,     30,                  56,                  56,        0
uniform_cloud  ,     2,brute_force         ,     31,                  53,                  53,        0
uniform_cloud  ,     2,brute_force         ,     32,                  53,                  53,        0
uniform_cloud  ,     2,brute_force         ,     33,                  47,                  47,        0
uniform_cloud  ,     2,brute_force         ,     34,                  46,                  46,        0
uniform_cloud  ,     2,brute_force         ,     35,                  42,                  42,        0
uniform_cloud  ,     2,brute_force         ,     36,                  41,                  41,        0
uniform_cloud  ,     2,brute_force         ,     37,                  41,                  41,        0
uniform_cloud  ,     2,brute_force         ,     38,                  42,                  42,        0
uniform_cloud  ,     2,brute_force         ,     39,                  38,                  38,        0
uniform_cloud  ,     2,uniform_grid        ,      0,                6078,                 293,        1
uniform_cloud  ,     2,uniform_grid        ,      1,                6094,                 182,        1
uniform_cloud  ,     2,uniform_grid        ,      2,                6087,                 171,        1
uniform_cloud  ,     2,uniform_grid        ,      3,                6079,                 165,        1
uniform_cloud  ,     2,uniform_grid        ,      4,                6061,                 151,        1
uniform_cloud  ,     2,uniform_grid        ,      5,                6062,                 149,        1
uniform_cloud  ,     2,uniform_grid        ,      6,                6080,                 146,        1
uniform_cloud  ,     2,uniform_grid        ,      7,                6084,                 138,        1
uniform_cloud  ,     2,uniform_grid        ,      8,                6084,                 133,        1
uniform_cloud  ,     2,uniform_grid        ,      9,                6079,                 126,        1
uniform_cloud  ,     2,uniform_grid        ,     10,                6087,                 120,        1
uniform_cloud  ,     2,uniform_grid        ,     11,                6087,                 116,        1
uniform_cloud  ,     2,uniform_grid        ,     12,                6077,                 111,        1
uniform_cloud  ,     2,uniform_grid        ,     13,                6087,                 110,        1
uniform_cloud  ,     2,uniform_grid        ,     14,                6090,                 107,        1
uniform_cloud  ,     2,uniform_grid        ,     15,                6092,                 105,        1
uniform_cloud  ,     2,uniform_grid        ,     16,                6085,                 105,        1
uniform_cloud  ,     2,uniform_grid        ,     17,                6089,                  93,        1
uniform_cloud  ,     2,uniform_grid        ,     18,                6067,                  95,        1
uniform_cloud  ,     2,uniform_grid        ,     19,                6067,                  90,        1
uniform_cloud  ,     2,uniform_grid        ,     20,                6074,                  83,        1
uniform_cloud  ,     2,uniform_grid        ,     21,                6082,                  83,        1
uniform_cloud  ,     2,uniform_grid        ,     22,                6081,                  78,        1
uniform_cloud  ,     2,uniform_grid        ,     23,                6068,                  73,        1
uniform_cloud  ,     2,uniform_grid        ,     24,                6070,                  72,        1
uniform_cloud  ,     2,uniform_grid        ,     25,                6070,                  71,        1
uniform_cloud  ,     2,uniform_grid        ,     26,                6066,                  70,        1
uniform_cloud  ,     2,uniform_grid        ,     27,                6067,                  66,        1
uniform_cloud  ,     2,uniform_grid        ,     28,                6064,                  65,        1
uniform_cloud  ,     2,uniform_grid        ,     29,                6064,                  58,        1
uniform_cloud  ,     2,uniform_grid        ,     30,                6063,                  56,        1
uniform_cloud  ,     2,uniform_grid        ,     31,                6047,                  53,        1
uniform_cloud  ,     2,uniform_grid        ,     32,                6064,                  53,        1
uniform_cloud  ,     2,uniform_grid        ,     33,                6056,                  47,        1
uniform_cloud  ,     2,uniform_grid        ,     34,                6028,                  46,        1
uniform_cloud  ,     2,uniform_grid        ,     35,                6027,                  42,        1
uniform_cloud  ,     2,uniform_grid        ,     36,                6040,                  41,        1
uniform_cloud  ,     2,uniform_grid        ,     37,                6056,                  41,        1
uniform_cloud  ,     2,uniform_grid        ,     38,                6066,                  42,        1
uniform_cloud  ,     2,uniform_grid        ,     39,                6070,                  38,        1
uniform_cloud  ,     2,uniform_grid+skin   ,      0,                6078,                 293,        1
uniform_cloud  ,     2,uniform_grid+skin   ,      1,                6094,                 182,        1
uniform_cloud  ,     2,uniform_grid+skin   ,      2,                6087,                 171,        1
uniform_cloud  ,     2,uniform_grid+skin   ,      3,                6079,                 165,        1
uniform_cloud  ,     2,uniform_grid+skin   ,      4,                6061,                 151,        1
uniform_cloud  ,     2,uniform_grid+skin   ,      5,                6061,                 149,        0
uniform_cloud  ,     2,uniform_grid+skin   ,      6,                6080,                 146,        1
uniform_cloud  ,     2,uniform_grid+skin   ,      7,                6080,                 138,        0
uniform_cloud  ,     2,uniform_grid+skin   ,      8,                6084,                 133,        1
uniform_cloud  ,     2,uniform_grid+skin   ,      9,                6079,                 126,        1
uniform_cloud  ,     2,uniform_grid+skin   ,     10,                6079,                 120,        0
uniform_cloud  ,     2,uniform_grid+skin   ,     11,                6087,                 116,        1
uniform_cloud  ,     2,uniform_grid+skin   ,     12,                6087,                 111,        0
uniform_cloud  ,     2,uniform_grid+skin   ,     13,                6087,                 110,        1
uniform_cloud  ,     2,uniform_grid+skin   ,     14,                6087,                 107,        0
uniform_cloud  ,     2,uniform_grid+skin   ,     15,                6092,                 105,        1
uniform_cloud  ,     2,uniform_grid+skin   ,     16,                6092,                 105,        0
uniform_cloud  ,     2,uniform_grid+skin   ,     17,                6089,                  93,        1
uniform_cloud  ,     2,uniform_grid+skin   ,     18,                6067,                  95,        1
uniform_cloud  ,     2,uniform_grid+skin   ,     19,                6067,                  90,        1
uniform_cloud  ,     2,uniform_grid+skin   ,     20,                6067,                  83,        0
uniform_cloud  ,     2,uniform_grid+skin   ,     21,                6082,                  83,        1
uniform_cloud  ,     2,uniform_grid+skin   ,     22,                6082,                  78,        0
uniform_cloud  ,     2,uniform_grid+skin   ,     23,                6068,                  73,        1
uniform_cloud  ,     2,uniform_grid+skin   ,     24,                6070,                  72,        1
uniform_cloud  ,     2,uniform_grid+skin   ,     25,                6070,                  71,        0
uniform_cloud  ,     2,uniform_grid+skin   ,     26,                6066,                  70,        1
uniform_cloud  ,     2,uniform_grid+skin   ,     27,                6067,                  66,        1
uniform_cloud  ,     2,uniform_grid+skin   ,     28,                6067,                  65,        0
uniform_cloud  ,     2,uniform_grid+skin   ,     29,                6064,                  58,        1
uniform_cloud  ,     2,uniform_grid+skin   ,     30,                6064,                  56,        0
uniform_cloud  ,     2,uniform_grid+skin   ,     31,                6047,                  53,        1
uniform_cloud  ,     2,uniform_grid+skin   ,     32,                6064,                  53,        1
uniform_cloud  ,     2,uniform_grid+skin   ,     33,                6056,                  47,        1
uniform_cloud  ,     2,uniform_grid+skin   ,     34,                6028,                  46,        1
uniform_cloud  ,     2,uniform_grid+skin   ,     35,                6028,                  42,        0
uniform_cloud  ,     2,uniform_grid+skin   ,     36,                6040,                  41,        1
uniform_cloud  ,     2,uniform_grid+skin   ,     37,                6040,                  41,        0
uniform_cloud  ,     2,uniform_grid+skin   ,     38,                6066,                  42,        1
uniform_cloud  ,     2,uniform_grid+skin   ,     39,                6070,                  38,        1
uniform_cloud  ,     2,octree              ,      0,               75980,                 293,        1
uniform_cloud  ,     2,octree              ,      1,               76044,                 182,        1
uniform_cloud  ,     2,octree              ,      2,               76100,                 171,        1
uniform_cloud  ,     2,octree              ,      3,               76069,                 165,        1
uniform_cloud  ,     2,octree              ,      4,               76007,                 151,        1
uniform_cloud  ,     2,octree              ,      5,               76120,                 149,        1
uniform_cloud  ,     2,octree              ,      6,               76091,                 146,        1
uniform_cloud  ,     2,octree              ,      7,               76150,                 138,        1
uniform_cloud  ,     2,octree              ,      8,               76146,                 133,        1
uniform_cloud  ,     2,octree              ,      9,               76460,                 126,        1
uniform_cloud  ,     2,octree              ,     10,               76411,                 120,        1
uniform_cloud  ,     2,octree              ,     11,               76589,                 116,        1
uniform_cloud  ,     2,octree              ,     12,               76899,                 111,        1
uniform_cloud  ,     2,octree              ,     13,               76585,                 110,        1
uniform_cloud  ,     2,octree              ,     14,               76609,                 107,        1
uniform_cloud  ,     2,octree              ,     15,               76665,                 105,        1
uniform_cloud  ,     2,octree              ,     16,               76689,                 105,        1
uniform_cloud  ,     2,octree              ,     17,               76749,                  93,        1
uniform_cloud  ,     2,octree              ,     18,               76797,                  95,        1
uniform_cloud  ,     2,octree              ,     19,               76782,                  90,        1
uniform_cloud  ,     2,octree              ,     20,               76951,                  83,        1
uniform_cloud  ,     2,octree              ,     21,               77221,                  83,        1
uniform_cloud  ,     2,octree              ,     22,               77255,                  78,        1
uniform_cloud  ,     2,octree              ,     23,               77253,                  73,        1
uniform_cloud  ,     2,octree              ,     24,               77209,                  72,        1
uniform_cloud  ,     2,octree              ,     25,               77130,                  71,        1
uniform_cloud  ,     2,octree              ,     26,               77117,                  70,        1
uniform_cloud  ,     2,octree              ,     27,               77117,                  66,        1
uniform_cloud  ,     2,octree              ,     28,               76980,                  65,        1
uniform_cloud  ,     2,octree              ,     29,               76393,                  58,        1
uniform_cloud  ,     2,octree              ,     30,               76401,                  56,        1
uniform_cloud  ,     2,octree              ,     31,               76355,                  53,        1
uniform_cloud  ,     2,octree              ,     32,               76294,                  53,        1
uniform_cloud  ,     2,octree              ,     33,               76347,                  47,        1
uniform_cloud  ,     2,octree              ,     34,               75774,                  46,        1
uniform_cloud  ,     2,octree              ,     35,               75779,                  42,        1
uniform_cloud  ,     2,octree              ,     36,               75740,                  41,        1
uniform_cloud  ,     2,octree              ,     37,               76350,                  41,        1
uniform_cloud  ,     2,octree              ,     38,               76069,                  42,        1
uniform_cloud  ,     2,octree              ,     39,               76413,                  38,        1
uniform_cloud  ,     2,octree+skin         ,      0,               75980,                 293,        1
uniform_cloud  ,     2,octree+skin         ,      1,               76044,                 182,        1
uniform_cloud  ,     2,octree+skin         ,      2,               76100,                 171,        1
uniform_cloud  ,     2,octree+skin         ,      3,               76069,                 165,        1
uniform_cloud  ,     2,octree+skin         ,      4,               76007,                 151,        1
uniform_cloud  ,     2,octree+skin         ,      5,               76007,                 149,        0
uniform_cloud  ,     2,octree+skin         ,      6,               76091,                 146,        1
uniform_cloud  ,     2,octree+skin         ,      7,               76091,                 138,        0
uniform_cloud  ,     2,octree+skin         ,      8,               76146,                 133,        1
uniform_cloud  ,     2,octree+skin         ,      9,               76460,                 126,        1
uniform_cloud  ,     2,octree+skin         ,     10,               76460,                 120,        0
uniform_cloud  ,     2,octree+skin         ,     11,               76589,                 116,        1
uniform_cloud  ,     2,octree+skin         ,     12,               76589,                 111,        0
uniform_cloud  ,     2,octree+skin         ,     13,               76585,                 110,        1
uniform_cloud  ,     2,octree+skin         ,     14,               76585,                 107,        0
uniform_cloud  ,     2,octree+skin         ,     15,               76665,                 105,        1
uniform_cloud  ,     2,octree+skin         ,     16,               76665,                 105,        0
uniform_cloud  ,     2,octree+skin         ,     17,               76749,                  93,        1
uniform_cloud  ,     2,octree+skin         ,     18,               76797,                  95,        1
uniform_cloud  ,     2,octree+skin         ,     19,               76782,                  90,        1
uniform_cloud  ,     2,octree+skin         ,     20,               76782,                  83,        0
uniform_cloud  ,     2,octree+skin         ,     21,               77221,                  83,        1
uniform_cloud  ,     2,octree+skin         ,     22,               77221,                  78,        0
uniform_cloud  ,     2,octree+skin         ,     23,               77253,                  73,        1
uniform_cloud  ,     2,octree+skin         ,     24,               77209,                  72,        1
uniform_cloud  ,     2,octree+skin         ,     25,               77209,                  71,        0
uniform_cloud  ,     2,octree+skin         ,     26,               77117,                  70,        1
uniform_cloud  ,     2,octree+skin         ,     27,               77117,                  66,        1
uniform_cloud  ,     2,octree+skin         ,     28,               77117,                  65,        0
uniform_cloud  ,     2,octree+skin         ,     29,               76393,                  58,        1
uniform_cloud  ,     2,octree+skin         ,     30,               76393,                  56,        0
uniform_cloud  ,     2,octree+skin         ,     31,               76355,                  53,        1
uniform_cloud  ,     2,octree+skin         ,     32,               76294,                  53,        1
uniform_cloud  ,     2,octree+skin         ,     33,               76347,                  47,        1
uniform_cloud  ,     2,octree+skin         ,     34,               75774,                  46,        1
uniform_cloud  ,     2,octree+skin         ,     35,               75774,                  42,        0
uniform_cloud  ,     2,octree+skin         ,     36,               75740,                  41,        1
uniform_cloud  ,     2,octree+skin         ,     37,               75740,                  41,        0
uniform_cloud  ,     2,octree+skin         ,     38,               76069,                  42,        1
uniform_cloud  ,     2,octree+skin         ,     39,               76413,                  38,        1
uniform_cloud  ,     5,brute_force         ,      0,                 293,                 293,        0
uniform_cloud  ,     5,brute_force         ,      1,                 182,                 182,        0
uniform_cloud  ,     5,brute_force         ,      2,                 171,                 171,        0
uniform_cloud  ,     5,brute_force         ,      3,                 165,                 165,        0
uniform_cloud  ,     5,brute_force         ,      4,                 151,                 151,        0
uniform_cloud  ,     5,brute_force         ,      5,                 149,                 149,        0
uniform_cloud  ,     5,brute_force         ,      6,                 146,                 146,        0
uniform_cloud  ,     5,brute_force         ,      7,                 138,                 138,        0
uniform_cloud  ,     5,brute_force         ,      8,                 133,                 133,        0
uniform_cloud  ,     5,brute_force         ,      9,                 126,                 126,        0
uniform_cloud  ,     5,brute_force         ,     10,                 120,                 120,        0
uniform_cloud  ,     5,brute_force         ,     11,                 116,                 116,        0
uniform_cloud  ,     5,brute_force         ,     12,                 111,                 111,        0
uniform_cloud  ,     5,brute_force         ,     13,                 110,                 110,        0
uniform_cloud  ,     5,brute_force         ,     14,                 107,                 107,        0
uniform_cloud  ,     5,brute_force         ,     15,                 105,                 105,        0
uniform_cloud  ,     5,brute_force         ,     16,                 105,                 105,        0
uniform_cloud  ,     5,brute_force         ,     17,                  93,                  93,        0
uniform_cloud  ,     5,brute_force         ,     18,                  95,                  95,        0
uniform_cloud  ,     5,brute_force         ,     19,                  90,                  90,        0
uniform_cloud  ,     5,brute_force         ,     20,                  83,                  83,        0
uniform_cloud  ,     5,brute_force         ,     21,                  83,                  83,        0
uniform_cloud  ,     5,brute_force         ,     22,                  78,                  78,        0
uniform_cloud  ,     5,brute_force         ,     23,                  73,                  73,        0
uniform_cloud  ,     5,brute_force         ,     24,                  72,                  72,        0
uniform_cloud  ,     5,brute_force         ,     25,                  71,                  71,        0
uniform_cloud  ,     5,brute_force         ,     26,                  70,                  70,        0
uniform_cloud  ,     5,brute_force         ,     27,                  66,                  66,        0
uniform_cloud  ,     5,brute_force         ,     28,                  65,                  65,        0
uniform_cloud  ,     5,brute_force         ,     29,                  58,                  58,        0
uniform_cloud  ,     5,brute_force         ,     30,                  56,                  56,        0
uniform_cloud  ,     5,brute_force         ,     31,                  53,                  53,        0
uniform_cloud  ,     5,brute_force         ,     32,                  53,                  53,        0
uniform_cloud  ,     5,brute_force         ,     33,                  47,                  47,        0
uniform_cloud  ,     5,brute_force         ,     34,                  46,                  46,        0
uniform_cloud  ,     5,brute_force         ,     35,                  42,                  42,        0
uniform_cloud  ,     5,brute_force         ,     36,                  41,                  41,        0
uniform_cloud  ,     5,brute_force         ,     37,                  41,                  41,        0
uniform_cloud  ,     5,brute_force         ,     38,                  42,                  42,        0
uniform_cloud  ,     5,brute_force         ,     39,                  38,                  38,        0
uniform_cloud  ,     5,uniform_grid        ,      0,                6078,                 293,        1
uniform_cloud  ,     5,uniform_grid        ,      1,                6094,                 182,        1
uniform_cloud  ,     5,uniform_grid        ,      2,                6087,                 171,        1
uniform_cloud  ,     5,uniform_grid        ,      3,                6079,                 165,        1
uniform_cloud  ,     5,uniform_grid        ,      4,                6061,                 151,        1
uniform_cloud  ,     5,uniform_grid        ,      5,                6062,                 149,        1
uniform_cloud  ,     5,uniform_grid        ,      6,                6080,                 146,        1
uniform_cloud  ,     5,uniform_grid        ,      7,                6084,                 138,        1
uniform_cloud  ,     5,uniform_grid        ,      8,                6084,                 133,        1
uniform_cloud  ,     5,uniform_grid        ,      9,                6079,                 126,        1
uniform_cloud  ,     5,uniform_grid        ,     10,                6087,                 120,        1
uniform_cloud  ,     5,uniform_grid        ,     11,                6087,                 116,        1
uniform_cloud  ,     5,uniform_grid        ,     12,                6077,                 111,        1
uniform_cloud  ,     5,uniform_grid        ,     13,                6087,                 110,        1
uniform_cloud  ,     5,uniform_grid        ,     14,                6090,                 107,        1
uniform_cloud  ,     5,uniform_grid        ,     15,                6092,                 105,        1
uniform_cloud  ,     5,uniform_grid        ,     16,                6085,                 105,        1
uniform_cloud  ,     5,uniform_grid        ,     17,                6089,                  93,        1
uniform_cloud  ,     5,uniform_grid        ,     18,                6067,                  95,        1
uniform_cloud  ,     5,uniform_grid        ,     19,                6067,                  90,        1
uniform_cloud  ,     5,uniform_grid        ,     20,                6074,                  83,        1
uniform_cloud  ,     5,uniform_grid        ,     21,                6082,                  83,        1
uniform_cloud  ,     5,uniform_grid        ,     22,                6081,                  78,        1
uniform_cloud  ,     5,uniform_grid        ,     23,                6068,                  73,        1
uniform_cloud  ,     5,uniform_grid        ,     24,                6070,                  72,        1
uniform_cloud  ,     5,uniform_grid        ,     25,                6070,                  71,        1
uniform_cloud  ,     5,uniform_grid        ,     26,                6066,                  70,        1
uniform_cloud  ,     5,uniform_grid        ,     27,                6067,                  66,        1
uniform_cloud  ,     5,uniform_grid        ,     28,                6064,                  65,        1
uniform_cloud  ,     5,uniform_grid        ,     29,                6064,                  58,        1
uniform_cloud  ,     5,uniform_grid        ,     30,                6063,                  56,        1
uniform_cloud  ,     5,uniform_grid        ,     31,                6047,                  53,        1
uniform_cloud  ,     5,uniform_grid        ,     32,                6064,                  53,        1
uniform_cloud  ,     5,uniform_grid        ,     33,                6056,                  47,        1
uniform_cloud  ,     5,uniform_grid        ,     34,                6028,                  46,        1
uniform_cloud  ,     5,uniform_grid        ,     35,                6027,                  42,        1
uniform_cloud  ,     5,uniform_grid        ,     36,                6040,                  41,        1
uniform_cloud  ,     5,uniform_grid        ,     37,                6056,                  41,        1
uniform_cloud  ,     5,uniform_grid        ,     38,                6066,                  42,        1
uniform_cloud  ,     5,uniform_grid        ,     39,                6070,                  38,        1
uniform_cloud  ,     5,uniform_grid+skin   ,      0,                6078,                 293,        1
uniform_cloud  ,     5,uniform_grid+skin   ,      1,                6094,                 182,        1
uniform_cloud  ,     5,uniform_grid+skin   ,      2,                6087,                 171,        1
uniform_cloud  ,     5,uniform_grid+skin   ,      3,                6079,                 165,        1
uniform_cloud  ,     5,uniform_grid+skin   ,      4,                6079,                 151,        0
uniform_cloud  ,     5,uniform_grid+skin   ,      5,                6079,                 149,        0
uniform_cloud  ,     5,uniform_grid+skin   ,      6,                6079,                 146,        0
uniform_cloud  ,     5,uniform_grid+skin   ,      7,                6084,                 138,        1
uniform_cloud  ,     5,uniform_grid+skin   ,      8,                6084,                 133,        0
uniform_cloud  ,     5,uniform_grid+skin   ,      9,                6084,                 126,        0
uniform_cloud  ,     5,uniform_grid+skin   ,     10,                6087,                 120,        1
uniform_cloud  ,     5,uniform_grid+skin   ,     11,                6087,                 116,        0
uniform_cloud  ,     5,uniform_grid+skin   ,     12,                6087,                 111,        0
uniform_cloud  ,     5,uniform_grid+skin   ,     13,                6087,                 110,        1
uniform_cloud  ,     5,uniform_grid+skin   ,     14,                6087,                 107,        0
uniform_cloud  ,     5,uniform_grid+skin   ,     15,                6087,                 105,        0
uniform_cloud  ,     5,uniform_grid+skin   ,     16,                6085,                 105,        1
uniform_cloud  ,     5,uniform_grid+skin   ,     17,                6089,                  93,        1
uniform_cloud  ,     5,uniform_grid+skin   ,     18,                6089,                  95,        0
uniform_cloud  ,     5,uniform_grid+skin   ,     19,                6089,                  90,        0
uniform_cloud  ,     5,uniform_grid+skin   ,     20,                6074,                  83,        1
uniform_cloud  ,     5,uniform_grid+skin   ,     21,                6074,                  83,        0
uniform_cloud  ,     5,uniform_grid+skin   ,     22,                6074,                  78,        0
uniform_cloud  ,     5,uniform_grid+skin   ,     23,                6068,                  73,        1
uniform_cloud  ,     5,uniform_grid+skin   ,     24,                6068,                  72,        0
uniform_cloud  ,     5,uniform_grid+skin   ,     25,                6068,                  71,        0
uniform_cloud  ,     5,uniform_grid+skin   ,     26,                6066,                  70,        1
uniform_cloud  ,     5,uniform_grid+skin   ,     27,                6066,                  66,        0
uniform_cloud  ,     5,uniform_grid+skin   ,     28,                6066,                  65,        0
uniform_cloud  ,     5,uniform_grid+skin   ,     29,                6064,                  58,        1
uniform_cloud  ,     5,uniform_grid+skin   ,     30,                6064,                  56,        0
uniform_cloud  ,     5,uniform_grid+skin   ,     31,                6064,                  53,        0
uniform_cloud  ,     5,uniform_grid+skin   ,     32,                6064,                  53,        0
uniform_cloud  ,     5,uniform_grid+skin   ,     33,                6056,                  47,        1
uniform_cloud  ,     5,uniform_grid+skin   ,     34,                6056,                  46,        0
uniform_cloud  ,     5,uniform_grid+skin   ,     35,                6056,                  42,        0
uniform_cloud  ,     5,uniform_grid+skin   ,     36,                6040,                  41,        1
uniform_cloud  ,     5,uniform_grid+skin   ,     37,                6040,                  41,        0
uniform_cloud  ,     5,uniform_grid+skin   ,     38,                6040,                  42,        0
uniform_cloud  ,     5,uniform_grid+skin   ,     39,                6040,                  38,        0
uniform_cloud  ,     5,octree              ,      0,               75980,                 293,        1
uniform_cloud  ,     5,octree              ,      1,               76044,                 182,        1
uniform_cloud  ,     5,octree              ,      2,               76100,                 171,        1
uniform_cloud  ,     5,octree              ,      3,               76069,                 165,        1
uniform_cloud  ,     5,octree              ,      4,               76007,                 151,        1
uniform_cloud  ,     5,octree              ,      5,               76120,                 149,        1
uniform_cloud  ,     5,octree              ,      6,               76091,                 146,        1
uniform_cloud  ,     5,octree              ,      7,               76150,                 138,        1
uniform_cloud  ,     5,octree              ,      8,               76146,                 133,        1
uniform_cloud  ,     5,octree              ,      9,               76460,                 126,        1
uniform_cloud  ,     5,octree              ,     10,               76411,                 120,        1
uniform_cloud  ,     5,octree              ,     11,               76589,                 116,        1
uniform_cloud  ,     5,octree              ,     12,               76899,                 111,        1
uniform_cloud  ,     5,octree              ,     13,               76585,                 110,        1
uniform_cloud  ,     5,octree              ,     14,               76609,                 107,        1
uniform_cloud  ,     5,octree              ,     15,               76665,                 105,        1
uniform_cloud  ,     5,octree              ,     16,               76689,                 105,        1
uniform_cloud  ,     5,octree              ,     17,               76749,                  93,        1
uniform_cloud  ,     5,octree              ,     18,               76797,                  95,        1
uniform_cloud  ,     5,octree              ,     19,               76782,                  90,        1
uniform_cloud  ,     5,octree              ,     20,               76951,                  83,        1
uniform_cloud  ,     5,octree              ,     21,               77221,                  83,        1
uniform_cloud  ,     5,octree              ,     22,               77255,                  78,        1
uniform_cloud  ,     5,octree              ,     23,               77253,                  73,        1
uniform_cloud  ,     5,octree              ,     24,               77209,                  72,        1
uniform_cloud  ,     5,octree              ,     25,               77130,                  71,        1
uniform_cloud  ,     5,octree              ,     26,               77117,                  70,        1
uniform_cloud  ,     5,octree              ,     27,               77117,                  66,        1
uniform_cloud  ,     5,octree              ,     28,               76980,                  65,        1
uniform_cloud  ,     5,octree              ,     29,               76393,                  58,        1
uniform_cloud  ,     5,octree              ,     30,               76401,                  56,        1
uniform_cloud  ,     5,octree              ,     31,               76355,                  53,        1
uniform_cloud  ,     5,octree              ,     32,               76294,                  53,        1
uniform_cloud  ,     5,octree              ,     33,               76347,                  47,        1
uniform_cloud  ,     5,octree              ,     34,               75774,                  46,        1
uniform_cloud  ,     5,octree              ,     35,               75779,                  42,        1
uniform_cloud  ,     5,octree              ,     36,               75740,                  41,        1
uniform_cloud  ,     5,octree              ,     37,               76350,                  41,        1
uniform_cloud  ,     5,octree              ,     38,               76069,                  42,        1
uniform_cloud  ,     5,octree              ,     39,               76413,                  38,        1
uniform_cloud  ,     5,octree+skin         ,      0,               75980,                 293,        1
uniform_cloud  ,     5,octree+skin         ,      1,               76044,                 182,        1
uniform_cloud  ,     5,octree+skin         ,      2,               76100,                 171,        1
uniform_cloud  ,     5,octree+skin         ,      3,               76069,                 165,        1
uniform_cloud  ,     5,octree+skin         ,      4,               76069,                 151,        0
uniform_cloud  ,     5,octree+skin         ,      5,               76069,                 149,        0
uniform_cloud  ,     5,octree+skin         ,      6,               76069,                 146,        0
uniform_cloud  ,     5,octree+skin         ,      7,               76150,                 138,        1
uniform_cloud  ,     5,octree+skin         ,      8,               76150,                 133,        0
uniform_cloud  ,     5,octree+skin         ,      9,               76150,                 126,        0
uniform_cloud  ,     5,octree+skin         ,     10,               76411,                 120,        1
uniform_cloud  ,     5,octree+skin         ,     11,               76411,                 116,        0
uniform_cloud  ,     5,octree+skin         ,     12,               76411,                 111,        0
uniform_cloud  ,     5,octree+skin         ,     13,               76585,                 110,        1
uniform_cloud  ,     5,octree+skin         ,     14,               76585,                 107,        0
uniform_cloud  ,     5,octree+skin         ,     15,               76585,                 105,        0
uniform_cloud  ,     5,octree+skin         ,     16,               76689,                 105,        1
uniform_cloud  ,     5,octree+skin         ,     17,               76749,                  93,        1
uniform_cloud  ,     5,octree+skin         ,     18,               76749,                  95,        0
uniform_cloud  ,     5,octree+skin         ,     19,               76749,                  90,        0
uniform_cloud  ,     5,octree+skin         ,     20,               76951,                  83,        1
uniform_cloud  ,     5,octree+skin         ,     21,               76951,                  83,        0
uniform_cloud  ,     5,octree+skin         ,     22,               76951,                  78,        0
uniform_cloud  ,     5,octree+skin         ,     23,               77253,                  73,        1
uniform_cloud  ,     5,octree+skin         ,     24,               77253,                  72,        0
uniform_cloud  ,     5,octree+skin         ,     25,               77253,                  71,        0
uniform_cloud  ,     5,octree+skin         ,     26,               77117,                  70,        1
uniform_cloud  ,     5,octree+skin         ,     27,               77117,                  66,        0
uniform_cloud  ,     5,octree+skin         ,     28,               77117,                  65,        0
uniform_cloud  ,     5,octree+skin         ,     29,               76393,                  58,        1
uniform_cloud  ,     5,octree+skin         ,     30,               76393,                  56,        0
uniform_cloud  ,     5,octree+skin         ,     31,               76393,                  53,        0
uniform_cloud  ,     5,octree+skin         ,     32,               76393,                  53,        0
uniform_cloud  ,     5,octree+skin         ,     33,               76347,                  47,        1
uniform_cloud  ,     5,octree+skin         ,     34,               76347,                  46,        0
uniform_cloud  ,     5,octree+skin         ,     35,               76347,                  42,        0
uniform_cloud  ,     5,octree+skin         ,     36,               75740,                  41,        1
uniform_cloud  ,     5,octree+skin         ,     37,               75740,                  41,        0
uniform_cloud  ,     5,octree+skin         ,     38,               75740,                  42,        0
uniform_cloud  ,     5,octree+skin         ,     39,               75740,                  38,        0
uniform_cloud  ,    10,brute_force         ,      0,                 293,                 293,        0
uniform_cloud  ,    10,brute_force         ,      1,                 182,                 182,        0
uniform_cloud  ,    10,brute_force         ,      2,                 171,                 171,        0
uniform_cloud  ,    10,brute_force         ,      3,                 165,                 165,        0
uniform_cloud  ,    10,brute_force         ,      4,                 151,                 151,        0
uniform_cloud  ,    10,brute_force         ,      5,                 149,                 149,        0
uniform_cloud  ,    10,brute_force         ,      6,                 146,                 146,        0
uniform_cloud  ,    10,brute_force         ,      7,                 138,                 138,        0
uniform_cloud  ,    10,brute_force         ,      8,                 133,                 133,        0
uniform_cloud  ,    10,brute_force         ,      9,                 126,                 126,        0
uniform_cloud  ,    10,brute_force         ,     10,                 120,                 120,        0
uniform_cloud  ,    10,brute_force         ,     11,                 116,                 116,        0
uniform_cloud  ,    10,brute_force         ,     12,                 111,                 111,        0
uniform_cloud  ,    10,brute_force         ,     13,                 110,                 110,        0
uniform_cloud  ,    10,brute_force         ,     14,                 107,                 107,        0
uniform_cloud  ,    10,brute_force         ,     15,                 105,                 105,        0
uniform_cloud  ,    10,brute_force         ,     16,                 105,                 105,        0
uniform_cloud  ,    10,brute_force         ,     17,                  93,                  93,        0
uniform_cloud  ,    10,brute_force         ,     18,                  95,                  95,        0
uniform_cloud  ,    10,brute_force         ,     19,                  90,                  90,        0
uniform_cloud  ,    10,brute_force         ,     20,                  83,                  83,        0
uniform_cloud  ,    10,brute_force         ,     21,                  83,                  83,        0
uniform_cloud  ,    10,brute_force         ,     22,                  78,                  78,        0
uniform_cloud  ,    10,brute_force         ,     23,                  73,                  73,        0
uniform_cloud  ,    10,brute_force         ,     24,                  72,                  72,        0
uniform_cloud  ,    10,brute_force         ,     25,                  71,                  71,        0
uniform_cloud  ,    10,brute_force         ,     26,                  70,                  70,        0
uniform_cloud  ,    10,brute_force         ,     27,                  66,                  66,        0
uniform_cloud  ,    10,brute_force         ,     28,                  65,                  65,        0
uniform_cloud  ,    10,brute_force         ,     29,                  58,                  58,        0
uniform_cloud  ,    10,brute_force         ,     30,                  56,                  56,        0
uniform_cloud  ,    10,brute_force         ,     31,                  53,                  53,        0
uniform_cloud  ,    10,brute_force         ,     32,                  53,                  53,        0
uniform_cloud  ,    10,brute_force         ,     33,                  47,                  47,        0
uniform_cloud  ,    10,brute_force         ,     34,                  46,                  46,        0
uniform_cloud  ,    10,brute_force         ,     35,                  42,                  42,        0
uniform_cloud  ,    10,brute_force         ,     36,                  41,                  41,        0
uniform_cloud  ,    10,brute_force         ,     37,                  41,                  41,        0
uniform_cloud  ,    10,brute_force         ,     38,                  42,                  42,        0
uniform_cloud  ,    10,brute_force         ,     39,                  38,                  38,        0
uniform_cloud  ,    10,uniform_grid        ,      0,                6078,                 293,        1
uniform_cloud  ,    10,uniform_grid        ,      1,                6094,                 182,        1
uniform_cloud  ,    10,uniform_grid        ,      2,                6087,                 171,        1
uniform_cloud  ,    10,uniform_grid        ,      3,                6079,                 165,        1
uniform_cloud  ,    10,uniform_grid        ,      4,                6061,                 151,        1
uniform_cloud  ,    10,uniform_grid        ,      5,                6062,                 149,        1
uniform_cloud  ,    10,uniform_grid        ,      6,                6080,                 146,        1
uniform_cloud  ,    10,uniform_grid        ,      7,                6084,                 138,        1
uniform_cloud  ,    10,uniform_grid        ,      8,                6084,                 133,        1
uniform_cloud  ,    10,uniform_grid        ,      9,                6079,                 126,        1
uniform_cloud  ,    10,uniform_grid        ,     10,                6087,                 120,        1
uniform_cloud  ,    10,uniform_grid        ,     11,                6087,                 116,        1
uniform_cloud  ,    10,uniform_grid        ,     12,                6077,                 111,        1
uniform_cloud  ,    10,uniform_grid        ,     13,                6087,                 110,        1
uniform_cloud  ,    10,uniform_grid        ,     14,                6090,                 107,        1
uniform_cloud  ,    10,uniform_grid        ,     15,                6092,                 105,        1
uniform_cloud  ,    10,uniform_grid        ,     16,                6085,                 105,        1
uniform_cloud  ,    10,uniform_grid        ,     17,                6089,                  93,        1
uniform_cloud  ,    10,uniform_grid        ,     18,                6067,                  95,        1
uniform_cloud  ,    10,uniform_grid        ,     19,                6067,                  90,        1
uniform_cloud  ,    10,uniform_grid        ,     20,                6074,                  83,        1
uniform_cloud  ,    10,uniform_grid        ,     21,                6082,                  83,        1
uniform_cloud  ,    10,uniform_grid        ,     22,                6081,                  78,        1
uniform_cloud  ,    10,uniform_grid        ,     23,                6068,                  73,        1
uniform_cloud  ,    10,uniform_grid        ,     24,                6070,                  72,        1
uniform_cloud  ,    10,uniform_grid        ,     25,                6070,                  71,        1
uniform_cloud  ,    10,uniform_grid        ,     26,                6066,                  70,        1
uniform_cloud  ,    10,uniform_grid        ,     27,                6067,                  66,        1
uniform_cloud  ,    10,uniform_grid        ,     28,                6064,                  65,        1
uniform_cloud  ,    10,uniform_grid        ,     29,                6064,                  58,        1
uniform_cloud  ,    10,uniform_grid        ,     30,                6063,                  56,        1
uniform_cloud  ,    10,uniform_grid        ,     31,                6047,                  53,        1
uniform_cloud  ,    10,uniform_grid        ,     32,                6064,                  53,        1
uniform_cloud  ,    10,uniform_grid        ,     33,                6056,                  47,        1
uniform_cloud  ,    10,uniform_grid        ,     34,                6028,                  46,        1
uniform_cloud  ,    10,uniform_grid        ,     35,                6027,                  42,        1
uniform_cloud  ,    10,uniform_grid        ,     36,                6040,                  41,        1
uniform_cloud  ,    10,uniform_grid        ,     37,                6056,                  41,        1
uniform_cloud  ,    10,uniform_grid        ,     38,                6066,                  42,        1
uniform_cloud  ,    10,uniform_grid        ,     39,                6070,                  38,        1
uniform_cloud  ,    10,uniform_grid+skin   ,      0,                6078,                 293,        1
uniform_cloud  ,    10,uniform_grid+skin   ,      1,                6094,                 182,        1
uniform_cloud  ,    10,uniform_grid+skin   ,      2,                6087,                 171,        1
uniform_cloud  ,    10,uniform_grid+skin   ,      3,                6079,                 165,        1
uniform_cloud  ,    10,uniform_grid+skin   ,      4,                6079,                 151,        0
uniform_cloud  ,    10,uniform_grid+skin   ,      5,                6079,                 149,        0
uniform_cloud  ,    10,uniform_grid+skin   ,      6,                6079,                 146,        0
uniform_cloud  ,    10,uniform_grid+skin   ,      7,                6079,                 138,        0
uniform_cloud  ,    10,uniform_grid+skin   ,      8,                6079,                 133,        0
uniform_cloud  ,    10,uniform_grid+skin   ,      9,                6079,                 126,        1
uniform_cloud  ,    10,uniform_grid+skin   ,     10,                6079,                 120,        0
uniform_cloud  ,    10,uniform_grid+skin   ,     11,                6079,                 116,        0
uniform_cloud  ,    10,uniform_grid+skin   ,     12,                6079,                 111,        0
uniform_cloud  ,    10,uniform_grid+skin   ,     13,                6087,                 110,        1
uniform_cloud  ,    10,uniform_grid+skin   ,     14,                6087,                 107,        0
uniform_cloud  ,    10,uniform_grid+skin   ,     15,                6087,                 105,        0
uniform_cloud  ,    10,uniform_grid+skin   ,     16,                6087,                 105,        0
uniform_cloud  ,    10,uniform_grid+skin   ,     17,                6087,                  93,        0
uniform_cloud  ,    10,uniform_grid+skin   ,     18,                6087,                  95,        0
uniform_cloud  ,    10,uniform_grid+skin   ,     19,                6067,                  90,        1
uniform_cloud  ,    10,uniform_grid+skin   ,     20,                6067,                  83,        0
uniform_cloud  ,    10,uniform_grid+skin   ,     21,                6067,                  83,        0
uniform_cloud  ,    10,uniform_grid+skin   ,     22,                6067,                  78,        0
uniform_cloud  ,    10,uniform_grid+skin   ,     23,                6067,                  73,        0
uniform_cloud  ,    10,uniform_grid+skin   ,     24,                6067,                  72,        0
uniform_cloud  ,    10,uniform_grid+skin   ,     25,                6067,                  71,        0
uniform_cloud  ,    10,uniform_grid+skin   ,     26,                6066,                  70,        1
uniform_cloud  ,    10,uniform_grid+skin   ,     27,                6066,                  66,        0
uniform_cloud  ,    10,uniform_grid+skin   ,     28,                6066,                  65,        0
uniform_cloud  ,    10,uniform_grid+skin   ,     29,                6064,                  58,        1
uniform_cloud  ,    10,uniform_grid+skin   ,     30,                6064,                  56,        0
uniform_cloud  ,    10,uniform_grid+skin   ,     31,                6064,                  53,        0
uniform_cloud  ,    10,uniform_grid+skin   ,     32,                6064,                  53,        0
uniform_cloud  ,    10,uniform_grid+skin   ,     33,                6064,                  47,        0
uniform_cloud  ,    10,uniform_grid+skin   ,     34,                6064,                  46,        0
uniform_cloud  ,    10,uniform_grid+skin   ,     35,                6027,                  42,        1
uniform_cloud  ,    10,uniform_grid+skin   ,     36,                6027,                  41,        0
uniform_cloud  ,    10,uniform_grid+skin   ,     37,                6027,                  41,        0
uniform_cloud  ,    10,uniform_grid+skin   ,     38,                6027,                  42,        0
uniform_cloud  ,    10,uniform_grid+skin   ,     39,                6027,                  38,        0
uniform_cloud  ,    10,octree              ,      0,               75980,                 293,        1
uniform_cloud  ,    10,octree              ,      1,               76044,                 182,        1
uniform_cloud  ,    10,octree              ,      2,               76100,                 171,        1
uniform_cloud  ,    10,octree              ,      3,               76069,                 165,        1
uniform_cloud  ,    10,octree              ,      4,               76007,                 151,        1
uniform_cloud  ,    10,octree              ,      5,               76120,                 149,        1
uniform_cloud  ,    10,octree              ,      6,               76091,                 146,        1
uniform_cloud  ,    10,octree              ,      7,               76150,                 138,        1
uniform_cloud  ,    10,octree              ,      8,               76146,                 133,        1
uniform_cloud  ,    10,octree              ,      9,               76460,                 126,        1
uniform_cloud  ,    10,octree              ,     10,               76411,                 120,        1
uniform_cloud  ,    10,octree              ,     11,               76589,                 116,        1
uniform_cloud  ,    10,octree              ,     12,               76899,                 111,        1
uniform_cloud  ,    10,octree              ,     13,               76585,                 110,        1
uniform_cloud  ,    10,octree              ,     14,               76609,                 107,        1
uniform_cloud  ,    10,octree              ,     15,               76665,                 105,        1
uniform_cloud  ,    10,octree              ,     16,               76689,                 105,        1
uniform_cloud  ,    10,octree              ,     17,               76749,                  93,        1
uniform_cloud  ,    10,octree              ,     18,               76797,                  95,        1
uniform_cloud  ,    10,octree              ,     19,               76782,                  90,        1
uniform_cloud  ,    10,octree              ,     20,               76951,                  83,        1
uniform_cloud  ,    10,octree              ,     21,               77221,                  83,        1
uniform_cloud  ,    10,octree              ,     22,               77255,                  78,        1
uniform_cloud  ,    10,octree              ,     23,               77253,                  73,        1
uniform_cloud  ,    10,octree              ,     24,               77209,                  72,        1
uniform_cloud  ,    10,octree              ,     25,               77130,                  71,        1
uniform_cloud  ,    10,octree              ,     26,               77117,                  70,        1
uniform_cloud  ,    10,octree              ,     27,               77117,                  66,        1
uniform_cloud  ,    10,octree              ,     28,               76980,                  65,        1
uniform_cloud  ,    10,octree              ,     29,               76393,                  58,        1
uniform_cloud  ,    10,octree              ,     30,               76401,                  56,        1
uniform_cloud  ,    10,octree              ,     31,               76355,                  53,        1
uniform_cloud  ,    10,octree              ,     32,               76294,                  53,        1
uniform_cloud  ,    10,octree              ,     33,               76347,                  47,        1
uniform_cloud  ,    10,octree              ,     34,               75774,                  46,        1
uniform_cloud  ,    10,octree              ,     35,               75779,                  42,        1
uniform_cloud  ,    10,octree              ,     36,               75740,                  41,        1
uniform_cloud  ,    10,octree              ,     37,               76350,                  41,        1
uniform_cloud  ,    10,octree              ,     38,               76069,                  42,        1
uniform_cloud  ,    10,octree              ,     39,               76413,                  38,        1
uniform_cloud  ,    10,octree+skin         ,      0,               75980,                 293,        1
uniform_cloud  ,    10,octree+skin         ,      1,               76044,                 182,        1
uniform_cloud  ,    10,octree+skin         ,      2,               76100,                 171,        1
uniform_cloud  ,    10,octree+skin         ,      3,               76069,                 165,        1
uniform_cloud  ,    10,octree+skin         ,      4,               76069,                 151,        0
uniform_cloud  ,    10,octree+skin         ,      5,               76069,                 149,        0
uniform_cloud  ,    10,octree+skin         ,      6,               76069,                 146,        0
uniform_cloud  ,    10,octree+skin         ,      7,               76069,                 138,        0
uniform_cloud  ,    10,octree+skin         ,      8,               76069,                 133,        0
uniform_cloud  ,    10,octree+skin         ,      9,               76460,                 126,        1
uniform_cloud  ,    10,octree+skin         ,     10,               76460,                 120,        0
uniform_cloud  ,    10,octree+skin         ,     11,               76460,                 116,        0
uniform_cloud  ,    10,octree+skin         ,     12,               76460,                 111,        0
uniform_cloud  ,    10,octree+skin         ,     13,               76585,                 110,        1
uniform_cloud  ,    10,octree+skin         ,     14,               76585,                 107,        0
uniform_cloud  ,    10,octree+skin         ,     15,               76585,                 105,        0
uniform_cloud  ,    10,octree+skin         ,     16,               76585,                 105,        0
uniform_cloud  ,    10,octree+skin         ,     17,               76585,                  93,        0
uniform_cloud  ,    10,octree+skin         ,     18,               76585,                  95,        0
uniform_cloud  ,    10,octree+skin         ,     19,               76782,                  90,        1
uniform_cloud  ,    10,octree+skin         ,     20,               76782,                  83,        0
uniform_cloud  ,    10,octree+skin         ,     21,               76782,                  83,        0
uniform_cloud  ,    10,octree+skin         ,     22,               76782,                  78,        0
uniform_cloud  ,    10,octree+skin         ,     23,               76782,                  73,        0
uniform_cloud  ,    10,octree+skin         ,     24,               76782,                  72,        0
uniform_cloud  ,    10,octree+skin         ,     25,               76782,                  71,        0
uniform_cloud  ,    10,octree+skin         ,     26,               77117,                  70,        1
uniform_cloud  ,    10,octree+skin         ,     27,               77117,                  66,        0
uniform_cloud  ,    10,octree+skin         ,     28,               77117,                  65,        0
uniform_cloud  ,    10,octree+skin         ,     29,               76393,                  58,        1
uniform_cloud  ,    10,octree+skin         ,     30,               76393,                  56,        0
uniform_cloud  ,    10,octree+skin         ,     31,               76393,                  53,        0
uniform_cloud  ,    10,octree+skin         ,     32,               76393,                  53,        0
uniform_cloud  ,    10,octree+skin         ,     33,               76393,                  47,        0
uniform_cloud  ,    10,octree+skin         ,     34,               76393,                  46,        0
uniform_cloud  ,    10,octree+skin         ,     35,               75779,                  42,        1
uniform_cloud  ,    10,octree+skin         ,     36,               75779,                  41,        0
uniform_cloud  ,    10,octree+skin         ,     37,               75779,                  41,        0
uniform_cloud  ,    10,octree+skin         ,     38,               75779,                  42,        0
uniform_cloud  ,    10,octree+skin         ,     39,               75779,                  38,        0
uniform_cloud  ,    20,brute_force         ,      0,                 293,                 293,        0
uniform_cloud  ,    20,brute_force         ,      1,                 182,                 182,        0
uniform_cloud  ,    20,brute_force         ,      2,                 171,                 171,        0
uniform_cloud  ,    20,brute_force         ,      3,                 165,                 165,        0
uniform_cloud  ,    20,brute_force         ,      4,                 151,                 151,        0
uniform_cloud  ,    20,brute_force         ,      5,                 149,                 149,        0
uniform_cloud  ,    20,brute_force         ,      6,                 146,                 146,        0
uniform_cloud  ,    20,brute_force         ,      7,                 138,                 138,        0
uniform_cloud  ,    20,brute_force         ,      8,                 133,                 133,        0
uniform_cloud  ,    20,brute_force         ,      9,                 126,                 126,        0
uniform_cloud  ,    20,brute_force         ,     10,                 120,                 120,        0
uniform_cloud  ,    20,brute_force         ,     11,                 116,                 116,        0
uniform_cloud  ,    20,brute_force         ,     12,                 111,                 111,        0
uniform_cloud  ,    20,brute_force         ,     13,                 110,                 110,        0
uniform_cloud  ,    20,brute_force         ,     14,                 107,                 107,        0
uniform_cloud  ,    20,brute_force         ,     15,                 105,                 105,        0
uniform_cloud  ,    20,brute_force         ,     16,                 105,                 105,        0
uniform_cloud  ,    20,brute_force         ,     17,                  93,                  93,        0
uniform_cloud  ,    20,brute_force         ,     18,                  95,                  95,        0
uniform_cloud  ,    20,brute_force         ,     19,                  90,                  90,        0
uniform_cloud  ,    20,brute_force         ,     20,                  83,                  83,        0
uniform_cloud  ,    20,brute_force         ,     21,                  83,                  83,        0
uniform_cloud  ,    20,brute_force         ,     22,                  78,                  78,        0
uniform_cloud  ,    20,brute_force         ,     23,                  73,                  73,        0
uniform_cloud  ,    20,brute_force         ,     24,                  72,                  72,        0
uniform_cloud  ,    20,brute_force         ,     25,                  71,                  71,        0
uniform_cloud  ,    20,brute_force         ,     26,                  70,                  70,        0
uniform_cloud  ,    20,brute_force         ,     27,                  66,                  66,        0
uniform_cloud  ,    20,brute_force         ,     28,                  65,                  65,        0
uniform_cloud  ,    20,brute_force         ,     29,                  58,                  58,        0
uniform_cloud  ,    20,brute_force         ,     30,                  56,                  56,        0
uniform_cloud  ,    20,brute_force         ,     31,                  53,                  53,        0
uniform_cloud  ,    20,brute_force         ,     32,                  53,                  53,        0
uniform_cloud  ,    20,brute_force         ,     33,                  47,                  47,        0
uniform_cloud  ,    20,brute_force         ,     34,                  46,                  46,        0
uniform_cloud  ,    20,brute_force         ,     35,                  42,                  42,        0
uniform_cloud  ,    20,brute_force         ,     36,                  41,                  41,        0
uniform_cloud  ,    20,brute_force         ,     37,                  41,                  41,        0
uniform_cloud  ,    20,brute_force         ,     38,                  42,                  42,        0
uniform_cloud  ,    20,brute_force         ,     39,                  38,                  38,        0
uniform_cloud  ,    20,uniform_grid        ,      0,                6078,                 293,        1
uniform_cloud  ,    20,uniform_grid        ,      1,                6094,                 182,        1
uniform_cloud  ,    20,uniform_grid        ,      2,                6087,                 171,        1
uniform_cloud  ,    20,uniform_grid        ,      3,                6079,                 165,        1
uniform_cloud  ,    20,uniform_grid        ,      4,                6061,                 151,        1
uniform_cloud  ,    20,uniform_grid        ,      5,                6062,                 149,        1
uniform_cloud  ,    20,uniform_grid        ,      6,                6080,                 146,        1
uniform_cloud  ,    20,uniform_grid        ,      7,                6084,                 138,        1
uniform_cloud  ,    20,uniform_grid        ,      8,                6084,                 133,        1
uniform_cloud  ,    20,uniform_grid        ,      9,                6079,                 126,        1
uniform_cloud  ,    20,uniform_grid        ,     10,                6087,                 120,        1
uniform_cloud  ,    20,uniform_grid        ,     11,                6087,                 116,        1
uniform_cloud  ,    20,uniform_grid        ,     12,                6077,                 111,        1
uniform_cloud  ,    20,uniform_grid        ,     13,                6087,                 110,        1
uniform_cloud  ,    20,uniform_grid        ,     14,                6090,                 107,        1
uniform_cloud  ,    20,uniform_grid        ,     15,                6092,                 105,        1
uniform_cloud  ,    20,uniform_grid        ,     16,                6085,                 105,        1
uniform_cloud  ,    20,uniform_grid        ,     17,                6089,                  93,        1
uniform_cloud  ,    20,uniform_grid        ,     18,                6067,                  95,        1
uniform_cloud  ,    20,uniform_grid        ,     19,                6067,                  90,        1
uniform_cloud  ,    20,uniform_grid        ,     20,                6074,                  83,        1
uniform_cloud  ,    20,uniform_grid        ,     21,                6082,                  83,        1
uniform_cloud  ,    20,uniform_grid        ,     22,                6081,                  78,        1
uniform_cloud  ,    20,uniform_grid        ,     23,                6068,                  73,        1
uniform_cloud  ,    20,uniform_grid        ,     24,                6070,                  72,        1
uniform_cloud  ,    20,uniform_grid        ,     25,                6070,                  71,        1
uniform_cloud  ,    20,uniform_grid        ,     26,                6066,                  70,        1
uniform_cloud  ,    20,uniform_grid        ,     27,                6067,                  66,        1
uniform_cloud  ,    20,uniform_grid        ,     28,                6064,                  65,        1
uniform_cloud  ,    20,uniform_grid        ,     29,                6064,                  58,        1
uniform_cloud  ,    20,uniform_grid        ,     30,                6063,                  56,        1
uniform_cloud  ,    20,uniform_grid        ,     31,                6047,                  53,        1
uniform_cloud  ,    20,uniform_grid        ,     32,                6064,                  53,        1
uniform_cloud  ,    20,uniform_grid        ,     33,                6056,                  47,        1
uniform_cloud  ,    20,uniform_grid        ,     34,                6028,                  46,        1
uniform_cloud  ,    20,uniform_grid        ,     35,                6027,                  42,        1
uniform_cloud  ,    20,uniform_grid        ,     36,                6040,                  41,        1
uniform_cloud  ,    20,uniform_grid        ,     37,                6056,                  41,        1
uniform_cloud  ,    20,uniform_grid        ,     38,                6066,                  42,        1
uniform_cloud  ,    20,uniform_grid        ,     39,                6070,                  38,        1
uniform_cloud  ,    20,uniform_grid+skin   ,      0,                6078,                 293,        1
uniform_cloud  ,    20,uniform_grid+skin   ,      1,                6094,                 182,        1
uniform_cloud  ,    20,uniform_grid+skin   ,      2,                6087,                 171,        1
uniform_cloud  ,    20,uniform_grid+skin   ,      3,                6087,                 165,        0
uniform_cloud  ,    20,uniform_grid+skin   ,      4,                6087,                 151,        0
uniform_cloud  ,    20,uniform_grid+skin   ,      5,                6087,                 149,        0
uniform_cloud  ,    20,uniform_grid+skin   ,      6,                6087,                 146,        0
uniform_cloud  ,    20,uniform_grid+skin   ,      7,                6087,                 138,        0
uniform_cloud  ,    20,uniform_grid+skin   ,      8,                6087,                 133,        0
uniform_cloud  ,    20,uniform_grid+skin   ,      9,                6087,                 126,        0
uniform_cloud  ,    20,uniform_grid+skin   ,     10,                6087,                 120,        1
uniform_cloud  ,    20,uniform_grid+skin   ,     11,                6087,                 116,        0
uniform_cloud  ,    20,uniform_grid+skin   ,     12,                6087,                 111,        0
uniform_cloud  ,    20,uniform_grid+skin   ,     13,                6087,                 110,        0
uniform_cloud  ,    20,uniform_grid+skin   ,     14,                6090,                 107,        1
uniform_cloud  ,    20,uniform_grid+skin   ,     15,                6090,                 105,        0
uniform_cloud  ,    20,uniform_grid+skin   ,     16,                6090,                 105,        0
uniform_cloud  ,    20,uniform_grid+skin   ,     17,                6090,                  93,        0
uniform_cloud  ,    20,uniform_grid+skin   ,     18,                6090,                  95,        0
uniform_cloud  ,    20,uniform_grid+skin   ,     19,                6090,                  90,        0
uniform_cloud  ,    20,uniform_grid+skin   ,     20,                6090,                  83,        0
uniform_cloud  ,    20,uniform_grid+skin   ,     21,                6090,                  83,        0
uniform_cloud  ,    20,uniform_grid+skin   ,     22,                6090,                  78,        0
uniform_cloud  ,    20,uniform_grid+skin   ,     23,                6090,                  73,        0
uniform_cloud  ,    20,uniform_grid+skin   ,     24,                6090,                  72,        0
uniform_cloud  ,    20,uniform_grid+skin   ,     25,                6090,                  71,        0
uniform_cloud  ,    20,uniform_grid+skin   ,     26,                6066,                  70,        1
uniform_cloud  ,    20,uniform_grid+skin   ,     27,                6066,                  66,        0
uniform_cloud  ,    20,uniform_grid+skin   ,     28,                6066,                  65,        0
uniform_cloud  ,    20,uniform_grid+skin   ,     29,                6066,                  58,        0
uniform_cloud  ,    20,uniform_grid+skin   ,     30,                6066,                  56,        0
uniform_cloud  ,    20,uniform_grid+skin   ,     31,                6066,                  53,        0
uniform_cloud  ,    20,uniform_grid+skin   ,     32,                6066,                  53,        0
uniform_cloud  ,    20,uniform_grid+skin   ,     33,                6066,                  47,        0
uniform_cloud  ,    20,uniform_grid+skin   ,     34,                6066,                  46,        0
uniform_cloud  ,    20,uniform_grid+skin   ,     35,                6066,                  42,        0
uniform_cloud  ,    20,uniform_grid+skin   ,     36,                6040,                  41,        1
uniform_cloud  ,    20,uniform_grid+skin   ,     37,                6040,                  41,        0
uniform_cloud  ,    20,uniform_grid+skin   ,     38,                6040,                  42,        0
uniform_cloud  ,    20,uniform_grid+skin   ,     39,                6040,                  38,        0
uniform_cloud  ,    20,octree              ,      0,               75980,                 293,        1
uniform_cloud  ,    20,octree              ,      1,               76044,                 182,        1
uniform_cloud  ,    20,octree              ,      2,               76100,                 171,        1
uniform_cloud  ,    20,octree              ,      3,               76069,                 165,        1
uniform_cloud  ,    20,octree              ,      4,               76007,                 151,        1
uniform_cloud  ,    20,octree              ,      5,               76120,                 149,        1
uniform_cloud  ,    20,octree              ,      6,               76091,                 146,        1
uniform_cloud  ,    20,octree              ,      7,               76150,                 138,        1
uniform_cloud  ,    20,octree              ,      8,               76146,                 133,        1
uniform_cloud  ,    20,octree              ,      9,               76460,                 126,        1
uniform_cloud  ,    20,octree              ,     10,               76411,                 120,        1
uniform_cloud  ,    20,octree              ,     11,               76589,                 116,        1
uniform_cloud  ,    20,octree              ,     12,               76899,                 111,        1
uniform_cloud  ,    20,octree              ,     13,               76585,                 110,        1
uniform_cloud  ,    20,octree              ,     14,               76609,                 107,        1
uniform_cloud  ,    20,octree              ,     15,               76665,                 105,        1
uniform_cloud  ,    20,octree              ,     16,               76689,                 105,        1
uniform_cloud  ,    20,octree              ,     17,               76749,                  93,        1
uniform_cloud  ,    20,octree              ,     18,               76797,                  95,        1
uniform_cloud  ,    20,octree              ,     19,               76782,                  90,        1
uniform_cloud  ,    20,octree              ,     20,               76951,                  83,        1
uniform_cloud  ,    20,octree              ,     21,               77221,                  83,        1
uniform_cloud  ,    20,octree              ,     22,               77255,                  78,        1
uniform_cloud  ,    20,octree              ,     23,               77253,                  73,        1
uniform_cloud  ,    20,octree              ,     24,               77209,                  72,        1
uniform_cloud  ,    20,octree              ,     25,               77130,                  71,        1
uniform_cloud  ,    20,octree              ,     26,               77117,                  70,        1
uniform_cloud  ,    20,octree              ,     27,               77117,                  66,        1
uniform_cloud  ,    20,octree              ,     28,               76980,                  65,        1
uniform_cloud  ,    20,octree              ,     29,               76393,                  58,        1
uniform_cloud  ,    20,octree              ,     30,               76401,                  56,        1
uniform_cloud  ,    20,octree              ,     31,               76355,                  53,        1
uniform_cloud  ,    20,octree              ,     32,               76294,                  53,        1
uniform_cloud  ,    20,octree              ,     33,               76347,                  47,        1
uniform_cloud  ,    20,octree              ,     34,               75774,                  46,        1
uniform_cloud  ,    20,octree              ,     35,               75779,                  42,        1
uniform_cloud  ,    20,octree              ,     36,               75740,                  41,        1
uniform_cloud  ,    20,octree              ,     37,               76350,                  41,        1
uniform_cloud  ,    20,octree              ,     38,               76069,                  42,        1
uniform_cloud  ,    20,octree              ,     39,               76413,                  38,        1
uniform_cloud  ,    20,octree+skin         ,      0,               75980,                 293,        1
uniform_cloud  ,    20,octree+skin         ,      1,               76044,                 182,        1
uniform_cloud  ,    20,octree+skin         ,      2,               81274,                 171,        1
uniform_cloud  ,    20,octree+skin         ,      3,               81274,                 165,        0
uniform_cloud  ,    20,octree+skin         ,      4,               81274,                 151,        0
uniform_cloud  ,    20,octree+skin         ,      5,               81274,                 149,        0
uniform_cloud  ,    20,octree+skin         ,      6,               81274,                 146,        0
uniform_cloud  ,    20,octree+skin         ,      7,               81274,                 138,        0
uniform_cloud  ,    20,octree+skin         ,      8,               81274,                 133,        0
uniform_cloud  ,    20,octree+skin         ,      9,               81274,                 126,        0
uniform_cloud  ,    20,octree+skin         ,     10,               81373,                 120,        1
uniform_cloud  ,    20,octree+skin         ,     11,               81373,                 116,        0
uniform_cloud  ,    20,octree+skin         ,     12,               81373,                 111,        0
uniform_cloud  ,    20,octree+skin         ,     13,               81373,                 110,        0
uniform_cloud  ,    20,octree+skin         ,     14,               81325,                 107,        1
uniform_cloud  ,    20,octree+skin         ,     15,               81325,                 105,        0
uniform_cloud  ,    20,octree+skin         ,     16,               81325,                 105,        0
uniform_cloud  ,    20,octree+skin         ,     17,               81325,                  93,        0
uniform_cloud  ,    20,octree+skin         ,     18,               81325,                  95,        0
uniform_cloud  ,    20,octree+skin         ,     19,               81325,                  90,        0
uniform_cloud  ,    20,octree+skin         ,     20,               81325,                  83,        0
uniform_cloud  ,    20,octree+skin         ,     21,               81325,                  83,        0
uniform_cloud  ,    20,octree+skin         ,     22,               81325,                  78,        0
uniform_cloud  ,    20,octree+skin         ,     23,               81325,                  73,        0
uniform_cloud  ,    20,octree+skin         ,     24,               81325,                  72,        0
uniform_cloud  ,    20,octree+skin         ,     25,               81325,                  71,        0
uniform_cloud  ,    20,octree+skin         ,     26,               81473,                  70,        1
uniform_cloud  ,    20,octree+skin         ,     27,               81473,                  66,        0
uniform_cloud  ,    20,octree+skin         ,     28,               81473,                  65,        0
uniform_cloud  ,    20,octree+skin         ,     29,               81473,                  58,        0
uniform_cloud  ,    20,octree+skin         ,     30,               81473,                  56,        0
uniform_cloud  ,    20,octree+skin         ,     31,               81473,                  53,        0
uniform_cloud  ,    20,octree+skin         ,     32,               81473,                  53,        0
uniform_cloud  ,    20,octree+skin         ,     33,               81473,                  47,        0
uniform_cloud  ,    20,octree+skin         ,     34,               81473,                  46,        0
uniform_cloud  ,    20,octree+skin         ,     35,               81473,                  42,        0
uniform_cloud  ,    20,octree+skin         ,     36,               81617,                  41,        1
uniform_cloud  ,    20,octree+skin         ,     37,               81617,                  41,        0
uniform_cloud  ,    20,octree+skin         ,     38,               81617,                  42,        0
uniform_cloud  ,    20,octree+skin         ,     39,               81617,                  38,        0
uniform_cloud  ,    50,brute_force         ,      0,                 293,                 293,        0
uniform_cloud  ,    50,brute_force         ,      1,                 182,                 182,        0
uniform_cloud  ,    50,brute_force         ,      2,                 171,                 171,        0
uniform_cloud  ,    50,brute_force         ,      3,                 165,                 165,        0
uniform_cloud  ,    50,brute_force         ,      4,                 151,                 151,        0
uniform_cloud  ,    50,brute_force         ,      5,                 149,                 149,        0
uniform_cloud  ,    50,brute_force         ,      6,                 146,                 146,        0
uniform_cloud  ,    50,brute_force         ,      7,                 138,                 138,        0
uniform_cloud  ,    50,brute_force         ,      8,                 133,                 133,        0
uniform_cloud  ,    50,brute_force         ,      9,                 126,                 126,        0
uniform_cloud  ,    50,brute_force         ,     10,                 120,                 120,        0
uniform_cloud  ,    50,brute_force         ,     11,                 116,                 116,        0
uniform_cloud  ,    50,brute_force         ,     12,                 111,                 111,        0
uniform_cloud  ,    50,brute_force         ,     13,                 110,                 110,        0
uniform_cloud  ,    50,brute_force         ,     14,                 107,                 107,        0
uniform_cloud  ,    50,brute_force         ,     15,                 105,                 105,        0
uniform_cloud  ,    50,brute_force         ,     16,                 105,                 105,        0
uniform_cloud  ,    50,brute_force         ,     17,                  93,                  93,        0
uniform_cloud  ,    50,brute_force         ,     18,                  95,                  95,        0
uniform_cloud  ,    50,brute_force         ,     19,                  90,                  90,        0
uniform_cloud  ,    50,brute_force         ,     20,                  83,                  83,        0
uniform_cloud  ,    50,brute_force         ,     21,                  83,                  83,        0
uniform_cloud  ,    50,brute_force         ,     22,                  78,                  78,        0
uniform_cloud  ,    50,brute_force         ,     23,                  73,                  73,        0
uniform_cloud  ,    50,brute_force         ,     24,                  72,                  72,        0
uniform_cloud  ,    50,brute_force         ,     25,                  71,                  71,        0
uniform_cloud  ,    50,brute_force         ,     26,                  70,                  70,        0
uniform_cloud  ,    50,brute_force         ,     27,                  66,                  66,        0
uniform_cloud  ,    50,brute_force         ,     28,                  65,                  65,        0
uniform_cloud  ,    50,brute_force         ,     29,                  58,                  58,        0
uniform_cloud  ,    50,brute_force         ,     30,                  56,                  56,        0
uniform_cloud  ,    50,brute_force         ,     31,                  53,                  53,        0
uniform_cloud  ,    50,brute_force         ,     32,                  53,                  53,        0
uniform_cloud  ,    50,brute_force         ,     33,                  47,                  47,        0
uniform_cloud  ,    50,brute_force         ,     34,                  46,                  46,        0
uniform_cloud  ,    50,brute_force         ,     35,                  42,                  42,        0
uniform_cloud  ,    50,brute_force         ,     36,                  41,                  41,        0
uniform_cloud  ,    50,brute_force         ,     37,                  41,                  41,        0
uniform_cloud  ,    50,brute_force         ,     38,                  42,                  42,        0
uniform_cloud  ,    50,brute_force         ,     39,                  38,                  38,        0
uniform_cloud  ,    50,uniform_grid        ,      0,                6078,                 293,        1
uniform_cloud  ,    50,uniform_grid        ,      1,                6094,                 182,        1
uniform_cloud  ,    50,uniform_grid        ,      2,                6087,                 171,        1
uniform_cloud  ,    50,uniform_grid        ,      3,                6079,                 165,        1
uniform_cloud  ,    50,uniform_grid        ,      4,                6061,                 151,        1
uniform_cloud  ,    50,uniform_grid        ,      5,                6062,                 149,        1
uniform_cloud  ,    50,uniform_grid        ,      6,                6080,                 146,        1
uniform_cloud  ,    50,uniform_grid        ,      7,                6084,                 138,        1
uniform_cloud  ,    50,uniform_grid        ,      8,                6084,                 133,        1
uniform_cloud  ,    50,uniform_grid        ,      9,                6079,                 126,        1
uniform_cloud  ,    50,uniform_grid        ,     10,                6087,                 120,        1
uniform_cloud  ,    50,uniform_grid        ,     11,                6087,                 116,        1
uniform_cloud  ,    50,uniform_grid        ,     12,                6077,                 111,        1
uniform_cloud  ,    50,uniform_grid        ,     13,                6087,                 110,        1
uniform_cloud  ,    50,uniform_grid        ,     14,                6090,                 107,        1
uniform_cloud  ,    50,uniform_grid        ,     15,                6092,                 105,        1
uniform_cloud  ,    50,uniform_grid        ,     16,                6085,                 105,        1
uniform_cloud  ,    50,uniform_grid        ,     17,                6089,                  93,        1
uniform_cloud  ,    50,uniform_grid        ,     18,                6067,                  95,        1
uniform_cloud  ,    50,uniform_grid        ,     19,                6067,                  90,        1
uniform_cloud  ,    50,uniform_grid        ,     20,                6074,                  83,        1
uniform_cloud  ,    50,uniform_grid        ,     21,                6082,                  83,        1
uniform_cloud  ,    50,uniform_grid        ,     22,                6081,                  78,        1
uniform_cloud  ,    50,uniform_grid        ,     23,                6068,                  73,        1
uniform_cloud  ,    50,uniform_grid        ,     24,                6070,                  72,        1
uniform_cloud  ,    50,uniform_grid        ,     25,                6070,                  71,        1
uniform_cloud  ,    50,uniform_grid        ,     26,                6066,                  70,        1
uniform_cloud  ,    50,uniform_grid        ,     27,                6067,                  66,        1
uniform_cloud  ,    50,uniform_grid        ,     28,                6064,                  65,        1
uniform_cloud  ,    50,uniform_grid        ,     29,                6064,                  58,        1
uniform_cloud  ,    50,uniform_grid        ,     30,                6063,                  56,        1
uniform_cloud  ,    50,uniform_grid        ,     31,                6047,                  53,        1
uniform_cloud  ,    50,uniform_grid        ,     32,                6064,                  53,        1
uniform_cloud  ,    50,uniform_grid        ,     33,                6056,                  47,        1
uniform_cloud  ,    50,uniform_grid        ,     34,                6028,                  46,        1
uniform_cloud  ,    50,uniform_grid        ,     35,                6027,                  42,        1
uniform_cloud  ,    50,uniform_grid        ,     36,                6040,                  41,        1
uniform_cloud  ,    50,uniform_grid        ,     37,                6056,                  41,        1
uniform_cloud  ,    50,uniform_grid        ,     38,                6066,                  42,        1
uniform_cloud  ,    50,uniform_grid        ,     39,                6070,                  38,        1
uniform_cloud  ,    50,uniform_grid+skin   ,      0,                6078,                 293,        1
uniform_cloud  ,    50,uniform_grid+skin   ,      1,                6094,                 182,        1
uniform_cloud  ,    50,uniform_grid+skin   ,      2,                6087,                 171,        1
uniform_cloud  ,    50,uniform_grid+skin   ,      3,                6087,                 165,        0
uniform_cloud  ,    50,uniform_grid+skin   ,      4,                6087,                 151,        0
uniform_cloud  ,    50,uniform_grid+skin   ,      5,                6087,                 149,        0
uniform_cloud  ,    50,uniform_grid+skin   ,      6,                6087,                 146,        0
uniform_cloud  ,    50,uniform_grid+skin   ,      7,                6087,                 138,        0
uniform_cloud  ,    50,uniform_grid+skin   ,      8,                6087,                 133,        0
uniform_cloud  ,    50,uniform_grid+skin   ,      9,                6087,                 126,        0
uniform_cloud  ,    50,uniform_grid+skin   ,     10,                6087,                 120,        0
uniform_cloud  ,    50,uniform_grid+skin   ,     11,                6087,                 116,        0
uniform_cloud  ,    50,uniform_grid+skin   ,     12,                6087,                 111,        0
uniform_cloud  ,    50,uniform_grid+skin   ,     13,                6087,                 110,        0
uniform_cloud  ,    50,uniform_grid+skin   ,     14,                6087,                 107,        0
uniform_cloud  ,    50,uniform_grid+skin   ,     15,                6087,                 105,        0
uniform_cloud  ,    50,uniform_grid+skin   ,     16,                6087,                 105,        0
uniform_cloud  ,    50,uniform_grid+skin   ,     17,                6089,                  93,        1
uniform_cloud  ,    50,uniform_grid+skin   ,     18,                6089,                  95,        0
uniform_cloud  ,    50,uniform_grid+skin   ,     19,                6089,                  90,        0
uniform_cloud  ,    50,uniform_grid+skin   ,     20,                6089,                  83,        0
uniform_cloud  ,    50,uniform_grid+skin   ,     21,                6089,                  83,        0
uniform_cloud  ,    50,uniform_grid+skin   ,     22,                6089,                  78,        0
uniform_cloud  ,    50,uniform_grid+skin   ,     23,                6089,                  73,        0
uniform_cloud  ,    50,uniform_grid+skin   ,     24,                6089,                  72,        0
uniform_cloud  ,    50,uniform_grid+skin   ,     25,                6089,                  71,        0
uniform_cloud  ,    50,uniform_grid+skin   ,     26,                6089,                  70,        0
uniform_cloud  ,    50,uniform_grid+skin   ,     27,                6089,                  66,        0
uniform_cloud  ,    50,uniform_grid+skin   ,     28,                6089,                  65,        0
uniform_cloud  ,    50,uniform_grid+skin   ,     29,                6089,                  58,        0
uniform_cloud  ,    50,uniform_grid+skin   ,     30,                6089,                  56,        0
uniform_cloud  ,    50,uniform_grid+skin   ,     31,                6089,                  53,        0
uniform_cloud  ,    50,uniform_grid+skin   ,     32,                6089,                  53,        0
uniform_cloud  ,    50,uniform_grid+skin   ,     33,                6089,                  47,        0
uniform_cloud  ,    50,uniform_grid+skin   ,     34,                6089,                  46,        0
uniform_cloud  ,    50,uniform_grid+skin   ,     35,                6089,                  42,        0
uniform_cloud  ,    50,uniform_grid+skin   ,     36,                6089,                  41,        0
uniform_cloud  ,    50,uniform_grid+skin   ,     37,                6089,                  41,        0
uniform_cloud  ,    50,uniform_grid+skin   ,     38,                6089,                  42,        0
uniform_cloud  ,    50,uniform_grid+skin   ,     39,                6089,                  38,        0
uniform_cloud  ,    50,octree              ,      0,               75980,                 293,        1
uniform_cloud  ,    50,octree              ,      1,               76044,                 182,        1
uniform_cloud  ,    50,octree              ,      2,               76100,                 171,        1
uniform_cloud  ,    50,octree              ,      3,               76069,                 165,        1
uniform_cloud  ,    50,octree              ,      4,               76007,                 151,        1
uniform_cloud  ,    50,octree              ,      5,               76120,                 149,        1
uniform_cloud  ,    50,octree              ,      6,               76091,                 146,        1
uniform_cloud  ,    50,octree              ,      7,               76150,                 138,        1
uniform_cloud  ,    50,octree              ,      8,               76146,                 133,        1
uniform_cloud  ,    50,octree              ,      9,               76460,                 126,        1
uniform_cloud  ,    50,octree              ,     10,               76411,                 120,        1
uniform_cloud  ,    50,octree              ,     11,               76589,                 116,        1
uniform_cloud  ,    50,octree              ,     12,               76899,                 111,        1
uniform_cloud  ,    50,octree              ,     13,               76585,                 110,        1
uniform_cloud  ,    50,octree              ,     14,               76609,                 107,        1
uniform_cloud  ,    50,octree              ,     15,               76665,                 105,        1
uniform_cloud  ,    50,octree              ,     16,               76689,                 105,        1
uniform_cloud  ,    50,octree              ,     17,               76749,                  93,        1
uniform_cloud  ,    50,octree              ,     18,               76797,                  95,        1
uniform_cloud  ,    50,octree              ,     19,               76782,                  90,        1
uniform_cloud  ,    50,octree              ,     20,               76951,                  83,        1
uniform_cloud  ,    50,octree              ,     21,               77221,                  83,        1
uniform_cloud  ,    50,octree              ,     22,               77255,                  78,        1
uniform_cloud  ,    50,octree              ,     23,               77253,                  73,        1
uniform_cloud  ,    50,octree              ,     24,               77209,                  72,        1
uniform_cloud  ,    50,octree              ,     25,               77130,                  71,        1
uniform_cloud  ,    50,octree              ,     26,               77117,                  70,        1
uniform_cloud  ,    50,octree              ,     27,               77117,                  66,        1
uniform_cloud  ,    50,octree              ,     28,               76980,                  65,        1
uniform_cloud  ,    50,octree              ,     29,               76393,                  58,        1
uniform_cloud  ,    50,octree              ,     30,               76401,                  56,        1
uniform_cloud  ,    50,octree              ,     31,               76355,                  53,        1
uniform_cloud  ,    50,octree              ,     32,               76294,                  53,        1
uniform_cloud  ,    50,octree              ,     33,               76347,                  47,        1
uniform_cloud  ,    50,octree              ,     34,               75774,                  46,        1
uniform_cloud  ,    50,octree              ,     35,               75779,                  42,        1
uniform_cloud  ,    50,octree              ,     36,               75740,                  41,        1
uniform_cloud  ,    50,octree              ,     37,               76350,                  41,        1
uniform_cloud  ,    50,octree              ,     38,               76069,                  42,        1
uniform_cloud  ,    50,octree              ,     39,               76413,                  38,        1
uniform_cloud  ,    50,octree+skin         ,      0,               75980,                 293,        1
uniform_cloud  ,    50,octree+skin         ,      1,               81319,                 182,        1
uniform_cloud  ,    50,octree+skin         ,      2,               81274,                 171,        1
uniform_cloud  ,    50,octree+skin         ,      3,               81274,                 165,        0
uniform_cloud  ,    50,octree+skin         ,      4,               81274,                 151,        0
uniform_cloud  ,    50,octree+skin         ,      5,               81274,                 149,        0
uniform_cloud  ,    50,octree+skin         ,      6,               81274,                 146,        0
uniform_cloud  ,    50,octree+skin         ,      7,               81274,                 138,        0
uniform_cloud  ,    50,octree+skin         ,      8,               81274,                 133,        0
uniform_cloud  ,    50,octree+skin         ,      9,               81274,                 126,        0
uniform_cloud  ,    50,octree+skin         ,     10,               81274,                 120,        0
uniform_cloud  ,    50,octree+skin         ,     11,               81274,                 116,        0
uniform_cloud  ,    50,octree+skin         ,     12,               81274,                 111,        0
uniform_cloud  ,    50,octree+skin         ,     13,               81274,                 110,        0
uniform_cloud  ,    50,octree+skin         ,     14,               81274,                 107,        0
uniform_cloud  ,    50,octree+skin         ,     15,               81274,                 105,        0
uniform_cloud  ,    50,octree+skin         ,     16,               81274,                 105,        0
uniform_cloud  ,    50,octree+skin         ,     17,               81331,                  93,        1
uniform_cloud  ,    50,octree+skin         ,     18,               81331,                  95,        0
uniform_cloud  ,    50,octree+skin         ,     19,               81331,                  90,        0
uniform_cloud  ,    50,octree+skin         ,     20,               81331,                  83,        0
uniform_cloud  ,    50,octree+skin         ,     21,               81331,                  83,        0
uniform_cloud  ,    50,octree+skin         ,     22,               81331,                  78,        0
uniform_cloud  ,    50,octree+skin         ,     23,               81331,                  73,        0
uniform_cloud  ,    50,octree+skin         ,     24,               81331,                  72,        0
uniform_cloud  ,    50,octree+skin         ,     25,               81331,                  71,        0
uniform_cloud  ,    50,octree+skin         ,     26,               81331,                  70,        0
uniform_cloud  ,    50,octree+skin         ,     27,               81331,                  66,        0
uniform_cloud  ,    50,octree+skin         ,     28,               81331,                  65,        0
uniform_cloud  ,    50,octree+skin         ,     29,               81331,                  58,        0
uniform_cloud  ,    50,octree+skin         ,     30,               81331,                  56,        0
uniform_cloud  ,    50,octree+skin         ,     31,               81331,                  53,        0
uniform_cloud  ,    50,octree+skin         ,     32,               81331,                  53,        0
uniform_cloud  ,    50,octree+skin         ,     33,               81331,                  47,        0
uniform_cloud  ,    50,octree+skin         ,     34,               81331,                  46,        0
uniform_cloud  ,    50,octree+skin         ,     35,               81331,                  42,        0
uniform_cloud  ,    50,octree+skin         ,     36,               81331,                  41,        0
uniform_cloud  ,    50,octree+skin         ,     37,               81331,                  41,        0
uniform_cloud  ,    50,octree+skin         ,     38,               81331,                  42,        0
uniform_cloud  ,    50,octree+skin         ,     39,               81331,                  38,        0
uniform_cloud  ,   100,brute_force         ,      0,                 293,                 293,        0
uniform_cloud  ,   100,brute_force         ,      1,                 182,                 182,        0
uniform_cloud  ,   100,brute_force         ,      2,                 171,                 171,        0
uniform_cloud  ,   100,brute_force         ,      3,                 165,                 165,        0
uniform_cloud  ,   100,brute_force         ,      4,                 151,                 151,        0
uniform_cloud  ,   100,brute_force         ,      5,                 149,                 149,        0
uniform_cloud  ,   100,brute_force         ,      6,                 146,                 146,        0
uniform_cloud  ,   100,brute_force         ,      7,                 138,                 138,        0
uniform_cloud  ,   100,brute_force         ,      8,                 133,                 133,        0
uniform_cloud  ,   100,brute_force         ,      9,                 126,                 126,        0
uniform_cloud  ,   100,brute_force         ,     10,                 120,                 120,        0
uniform_cloud  ,   100,brute_force         ,     11,                 116,                 116,        0
uniform_cloud  ,   100,brute_force         ,     12,                 111,                 111,        0
uniform_cloud  ,   100,brute_force         ,     13,                 110,                 110,        0
uniform_cloud  ,   100,brute_force         ,     14,                 107,                 107,        0
uniform_cloud  ,   100,brute_force         ,     15,                 105,                 105,        0
uniform_cloud  ,   100,brute_force         ,     16,                 105,                 105,        0
uniform_cloud  ,   100,brute_force         ,     17,                  93,                  93,        0
uniform_cloud  ,   100,brute_force         ,     18,                  95,                  95,        0
uniform_cloud  ,   100,brute_force         ,     19,                  90,                  90,        0
uniform_cloud  ,   100,brute_force         ,     20,                  83,                  83,        0
uniform_cloud  ,   100,brute_force         ,     21,                  83,                  83,        0
uniform_cloud  ,   100,brute_force         ,     22,                  78,                  78,        0
uniform_cloud  ,   100,brute_force         ,     23,                  73,                  73,        0
uniform_cloud  ,   100,brute_force         ,     24,                  72,                  72,        0
uniform_cloud  ,   100,brute_force         ,     25,                  71,                  71,        0
uniform_cloud  ,   100,brute_force         ,     26,                  70,                  70,        0
uniform_cloud  ,   100,brute_force         ,     27,                  66,                  66,        0
uniform_cloud  ,   100,brute_force         ,     28,                  65,                  65,        0
uniform_cloud  ,   100,brute_force         ,     29,                  58,                  58,        0
uniform_cloud  ,   100,brute_force         ,     30,                  56,                  56,        0
uniform_cloud  ,   100,brute_force         ,     31,                  53,                  53,        0
uniform_cloud  ,   100,brute_force         ,     32,                  53,                  53,        0
uniform_cloud  ,   100,brute_force         ,     33,                  47,                  47,        0
uniform_cloud  ,   100,brute_force         ,     34,                  46,                  46,        0
uniform_cloud  ,   100,brute_force         ,     35,                  42,                  42,        0
uniform_cloud  ,   100,brute_force         ,     36,                  41,                  41,        0
uniform_cloud  ,   100,brute_force         ,     37,                  41,                  41,        0
uniform_cloud  ,   100,brute_force         ,     38,                  42,                  42,        0
uniform_cloud  ,   100,brute_force         ,     39,                  38,                  38,        0
uniform_cloud  ,   100,uniform_grid        ,      0,                6078,                 293,        1
uniform_cloud  ,   100,uniform_grid        ,      1,                6094,                 182,        1
uniform_cloud  ,   100,uniform_grid        ,      2,                6087,                 171,        1
uniform_cloud  ,   100,uniform_grid        ,      3,                6079,                 165,        1
uniform_cloud  ,   100,uniform_grid        ,      4,                6061,                 151,        1
uniform_cloud  ,   100,uniform_grid        ,      5,                6062,                 149,        1
uniform_cloud  ,   100,uniform_grid        ,      6,                6080,                 146,        1
uniform_cloud  ,   100,uniform_grid        ,      7,                6084,                 138,        1
uniform_cloud  ,   100,uniform_grid        ,      8,                6084,                 133,        1
uniform_cloud  ,   100,uniform_grid        ,      9,                6079,                 126,        1
uniform_cloud  ,   100,uniform_grid        ,     10,                6087,                 120,        1
uniform_cloud  ,   100,uniform_grid        ,     11,                6087,                 116,        1
uniform_cloud  ,   100,uniform_grid        ,     12,                6077,                 111,        1
uniform_cloud  ,   100,uniform_grid        ,     13,                6087,                 110,        1
uniform_cloud  ,   100,uniform_grid        ,     14,                6090,                 107,        1
uniform_cloud  ,   100,uniform_grid        ,     15,                6092,                 105,        1
uniform_cloud  ,   100,uniform_grid        ,     16,                6085,                 105,        1
uniform_cloud  ,   100,uniform_grid        ,     17,                6089,                  93,        1
uniform_cloud  ,   100,uniform_grid        ,     18,                6067,                  95,        1
uniform_cloud  ,   100,uniform_grid        ,     19,                6067,                  90,        1
uniform_cloud  ,   100,uniform_grid        ,     20,                6074,                  83,        1
uniform_cloud  ,   100,uniform_grid        ,     21,                6082,                  83,        1
uniform_cloud  ,   100,uniform_grid        ,     22,                6081,                  78,        1
uniform_cloud  ,   100,uniform_grid        ,     23,                6068,                  73,        1
uniform_cloud  ,   100,uniform_grid        ,     24,                6070,                  72,        1
uniform_cloud  ,   100,uniform_grid        ,     25,                6070,                  71,        1
uniform_cloud  ,   100,uniform_grid        ,     26,                6066,                  70,        1
uniform_cloud  ,   100,uniform_grid        ,     27,                6067,                  66,        1
uniform_cloud  ,   100,uniform_grid        ,     28,                6064,                  65,        1
uniform_cloud  ,   100,uniform_grid        ,     29,                6064,                  58,        1
uniform_cloud  ,   100,uniform_grid        ,     30,                6063,                  56,        1
uniform_cloud  ,   100,uniform_grid        ,     31,                6047,                  53,        1
uniform_cloud  ,   100,uniform_grid        ,     32,                6064,                  53,        1
uniform_cloud  ,   100,uniform_grid        ,     33,                6056,                  47,        1
uniform_cloud  ,   100,uniform_grid        ,     34,                6028,                  46,        1
uniform_cloud  ,   100,uniform_grid        ,     35,                6027,                  42,        1
uniform_cloud  ,   100,uniform_grid        ,     36,                6040,                  41,        1
uniform_cloud  ,   100,uniform_grid        ,     37,                6056,                  41,        1
uniform_cloud  ,   100,uniform_grid        ,     38,                6066,                  42,        1
uniform_cloud  ,   100,uniform_grid        ,     39,                6070,                  38,        1
uniform_cloud  ,   100,uniform_grid+skin   ,      0,                6078,                 293,        1
uniform_cloud  ,   100,uniform_grid+skin   ,      1,                6094,                 182,        1
uniform_cloud  ,   100,uniform_grid+skin   ,      2,                6094,                 171,        0
uniform_cloud  ,   100,uniform_grid+skin   ,      3,                6094,                 165,        0
uniform_cloud  ,   100,uniform_grid+skin   ,      4,                6094,                 151,        0
uniform_cloud  ,   100,uniform_grid+skin   ,      5,                6094,                 149,        0
uniform_cloud  ,   100,uniform_grid+skin   ,      6,                6094,                 146,        0
uniform_cloud  ,   100,uniform_grid+skin   ,      7,                6094,                 138,        0
uniform_cloud  ,   100,uniform_grid+skin   ,      8,                6094,                 133,        0
uniform_cloud  ,   100,uniform_grid+skin   ,      9,                6094,                 126,        0
uniform_cloud  ,   100,uniform_grid+skin   ,     10,                6094,                 120,        0
uniform_cloud  ,   100,uniform_grid+skin   ,     11,                6094,                 116,        0
uniform_cloud  ,   100,uniform_grid+skin   ,     12,                6094,                 111,        0
uniform_cloud  ,   100,uniform_grid+skin   ,     13,                6094,                 110,        0
uniform_cloud  ,   100,uniform_grid+skin   ,     14,                6094,                 107,        0
uniform_cloud  ,   100,uniform_grid+skin   ,     15,                6094,                 105,        0
uniform_cloud  ,   100,uniform_grid+skin   ,     16,                6094,                 105,        0
uniform_cloud  ,   100,uniform_grid+skin   ,     17,                6094,                  93,        0
uniform_cloud  ,   100,uniform_grid+skin   ,     18,                6094,                  95,        0
uniform_cloud  ,   100,uniform_grid+skin   ,     19,                6094,                  90,        0
uniform_cloud  ,   100,uniform_grid+skin   ,     20,                6094,                  83,        0
uniform_cloud  ,   100,uniform_grid+skin   ,     21,                6094,                  83,        0
uniform_cloud  ,   100,uniform_grid+skin   ,     22,                6094,                  78,        0
uniform_cloud  ,   100,uniform_grid+skin   ,     23,                6068,                  73,        1
uniform_cloud  ,   100,uniform_grid+skin   ,     24,                6068,                  72,        0
uniform_cloud  ,   100,uniform_grid+skin   ,     25,                6068,                  71,        0
uniform_cloud  ,   100,uniform_grid+skin   ,     26,                6068,                  70,        0
uniform_cloud  ,   100,uniform_grid+skin   ,     27,                6068,                  66,        0
uniform_cloud  ,   100,uniform_grid+skin   ,     28,                6068,                  65,        0
uniform_cloud  ,   100,uniform_grid+skin   ,     29,                6068,                  58,        0
uniform_cloud  ,   100,uniform_grid+skin   ,     30,                6068,                  56,        0
uniform_cloud  ,   100,uniform_grid+skin   ,     31,                6068,                  53,        0
uniform_cloud  ,   100,uniform_grid+skin   ,     32,                6068,                  53,        0
uniform_cloud  ,   100,uniform_grid+skin   ,     33,                6068,                  47,        0
uniform_cloud  ,   100,uniform_grid+skin   ,     34,                6068,                  46,        0
uniform_cloud  ,   100,uniform_grid+skin   ,     35,                6068,                  42,        0
uniform_cloud  ,   100,uniform_grid+skin   ,     36,                6068,                  41,        0
uniform_cloud  ,   100,uniform_grid+skin   ,     37,                6068,                  41,        0
uniform_cloud  ,   100,uniform_grid+skin   ,     38,                6068,                  42,        0
uniform_cloud  ,   100,uniform_grid+skin   ,     39,                6068,                  38,        0
uniform_cloud  ,   100,octree              ,      0,               75980,                 293,        1
uniform_cloud  ,   100,octree              ,      1,               76044,                 182,        1
uniform_cloud  ,   100,octree              ,      2,               76100,                 171,        1
uniform_cloud  ,   100,octree              ,      3,               76069,                 165,        1
uniform_cloud  ,   100,octree              ,      4,               76007,                 151,        1
uniform_cloud  ,   100,octree              ,      5,               76120,                 149,        1
uniform_cloud  ,   100,octree              ,      6,               76091,                 146,        1
uniform_cloud  ,   100,octree              ,      7,               76150,                 138,        1
uniform_cloud  ,   100,octree              ,      8,               76146,                 133,        1
uniform_cloud  ,   100,octree              ,      9,               76460,                 126,        1
uniform_cloud  ,   100,octree              ,     10,               76411,                 120,        1
uniform_cloud  ,   100,octree              ,     11,               76589,                 116,        1
uniform_cloud  ,   100,octree              ,     12,               76899,                 111,        1
uniform_cloud  ,   100,octree              ,     13,               76585,                 110,        1
uniform_cloud  ,   100,octree              ,     14,               76609,                 107,        1
uniform_cloud  ,   100,octree              ,     15,               76665,                 105,        1
uniform_cloud  ,   100,octree              ,     16,               76689,                 105,        1
uniform_cloud  ,   100,octree              ,     17,               76749,                  93,        1
uniform_cloud  ,   100,octree              ,     18,               76797,                  95,        1
uniform_cloud  ,   100,octree              ,     19,               76782,                  90,        1
uniform_cloud  ,   100,octree              ,     20,               76951,                  83,        1
uniform_cloud  ,   100,octree              ,     21,               77221,                  83,        1
uniform_cloud  ,   100,octree              ,     22,               77255,                  78,        1
uniform_cloud  ,   100,octree              ,     23,               77253,                  73,        1
uniform_cloud  ,   100,octree              ,     24,               77209,                  72,        1
uniform_cloud  ,   100,octree              ,     25,               77130,                  71,        1
uniform_cloud  ,   100,octree              ,     26,               77117,                  70,        1
uniform_cloud  ,   100,octree              ,     27,               77117,                  66,        1
uniform_cloud  ,   100,octree              ,     28,               76980,                  65,        1
uniform_cloud  ,   100,octree              ,     29,               76393,                  58,        1
uniform_cloud  ,   100,octree              ,     30,               76401,                  56,        1
uniform_cloud  ,   100,octree              ,     31,               76355,                  53,        1
uniform_cloud  ,   100,octree              ,     32,               76294,                  53,        1
uniform_cloud  ,   100,octree              ,     33,               76347,                  47,        1
uniform_cloud  ,   100,octree              ,     34,               75774,                  46,        1
uniform_cloud  ,   100,octree              ,     35,               75779,                  42,        1
uniform_cloud  ,   100,octree              ,     36,               75740,                  41,        1
uniform_cloud  ,   100,octree              ,     37,               76350,                  41,        1
uniform_cloud  ,   100,octree              ,     38,               76069,                  42,        1
uniform_cloud  ,   100,octree              ,     39,               76413,                  38,        1
uniform_cloud  ,   100,octree+skin         ,      0,               75980,                 293,        1
uniform_cloud  ,   100,octree+skin         ,      1,              288912,                 182,        1
uniform_cloud  ,   100,octree+skin         ,      2,              288912,                 171,        0
uniform_cloud  ,   100,octree+skin         ,      3,              288912,                 165,        0
uniform_cloud  ,   100,octree+skin         ,      4,              288912,                 151,        0
uniform_cloud  ,   100,octree+skin         ,      5,              288912,                 149,        0
uniform_cloud  ,   100,octree+skin         ,      6,              288912,                 146,        0
uniform_cloud  ,   100,octree+skin         ,      7,              288912,                 138,        0
uniform_cloud  ,   100,octree+skin         ,      8,              288912,                 133,        0
uniform_cloud  ,   100,octree+skin         ,      9,              288912,                 126,        0
uniform_cloud  ,   100,octree+skin         ,     10,              288912,                 120,        0
uniform_cloud  ,   100,octree+skin         ,     11,              288912,                 116,        0
uniform_cloud  ,   100,octree+skin         ,     12,              288912,                 111,        0
uniform_cloud  ,   100,octree+skin         ,     13,              288912,                 110,        0
uniform_cloud  ,   100,octree+skin         ,     14,              288912,                 107,        0
uniform_cloud  ,   100,octree+skin         ,     15,              288912,                 105,        0
uniform_cloud  ,   100,octree+skin         ,     16,              288912,                 105,        0
uniform_cloud  ,   100,octree+skin         ,     17,              288912,                  93,        0
uniform_cloud  ,   100,octree+skin         ,     18,              288912,                  95,        0
uniform_cloud  ,   100,octree+skin         ,     19,              288912,                  90,        0
uniform_cloud  ,   100,octree+skin         ,     20,              288912,                  83,        0
uniform_cloud  ,   100,octree+skin         ,     21,              288912,                  83,        0
uniform_cloud  ,   100,octree+skin         ,     22,              288912,                  78,        0
uniform_cloud  ,   100,octree+skin         ,     23,              303904,                  73,        1
uniform_cloud  ,   100,octree+skin         ,     24,              303904,                  72,        0
uniform_cloud  ,   100,octree+skin         ,     25,              303904,                  71,        0
uniform_cloud  ,   100,octree+skin         ,     26,              303904,                  70,        0
uniform_cloud  ,   100,octree+skin         ,     27,              303904,                  66,        0
uniform_cloud  ,   100,octree+skin         ,     28,              303904,                  65,        0
uniform_cloud  ,   100,octree+skin         ,     29,              303904,                  58,        0
uniform_cloud  ,   100,octree+skin         ,     30,              303904,                  56,        0
uniform_cloud  ,   100,octree+skin         ,     31,              303904,                  53,        0
uniform_cloud  ,   100,octree+skin         ,     32,              303904,                  53,        0
uniform_cloud  ,   100,octree+skin         ,     33,              303904,                  47,        0
uniform_cloud  ,   100,octree+skin         ,     34,              303904,                  46,        0
uniform_cloud  ,   100,octree+skin         ,     35,              303904,                  42,        0
uniform_cloud  ,   100,octree+skin         ,     36,              303904,                  41,        0
uniform_cloud  ,   100,octree+skin         ,     37,              303904,                  41,        0
uniform_cloud  ,   100,octree+skin         ,     38,              303904,                  42,        0
uniform_cloud  ,   100,octree+skin         ,     39,              303904,                  38,        0
uniform_cloud  ,   200,brute_force         ,      0,                 293,                 293,        0
uniform_cloud  ,   200,brute_force         ,      1,                 182,                 182,        0
uniform_cloud  ,   200,brute_force         ,      2,                 171,                 171,        0
uniform_cloud  ,   200,brute_force         ,      3,                 165,                 165,        0
uniform_cloud  ,   200,brute_force         ,      4,                 151,                 151,        0
uniform_cloud  ,   200,brute_force         ,      5,                 149,                 149,        0
uniform_cloud  ,   200,brute_force         ,      6,                 146,                 146,        0
uniform_cloud  ,   200,brute_force         ,      7,                 138,                 138,        0
uniform_cloud  ,   200,brute_force         ,      8,                 133,                 133,        0
uniform_cloud  ,   200,brute_force         ,      9,                 126,                 126,        0
uniform_cloud  ,   200,brute_force         ,     10,                 120,                 120,        0
uniform_cloud  ,   200,brute_force         ,     11,                 116,                 116,        0
uniform_cloud  ,   200,brute_force         ,     12,                 111,                 111,        0
uniform_cloud  ,   200,brute_force         ,     13,                 110,                 110,        0
uniform_cloud  ,   200,brute_force         ,     14,                 107,                 107,        0
uniform_cloud  ,   200,brute_force         ,     15,                 105,                 105,        0
uniform_cloud  ,   200,brute_force         ,     16,                 105,                 105,        0
uniform_cloud  ,   200,brute_force         ,     17,                  93,                  93,        0
uniform_cloud  ,   200,brute_force         ,     18,                  95,                  95,        0
uniform_cloud  ,   200,brute_force         ,     19,                  90,                  90,        0
uniform_cloud  ,   200,brute_force         ,     20,                  83,                  83,        0
uniform_cloud  ,   200,brute_force         ,     21,                  83,                  83,        0
uniform_cloud  ,   200,brute_force         ,     22,                  78,                  78,        0
uniform_cloud  ,   200,brute_force         ,     23,                  73,                  73,        0
uniform_cloud  ,   200,brute_force         ,     24,                  72,                  72,        0
uniform_cloud  ,   200,brute_force         ,     25,                  71,                  71,        0
uniform_cloud  ,   200,brute_force         ,     26,                  70,                  70,        0
uniform_cloud  ,   200,brute_force         ,     27,                  66,                  66,        0
uniform_cloud  ,   200,brute_force         ,     28,                  65,                  65,        0
uniform_cloud  ,   200,brute_force         ,     29,                  58,                  58,        0
uniform_cloud  ,   200,brute_force         ,     30,                  56,                  56,        0
uniform_cloud  ,   200,brute_force         ,     31,                  53,                  53,        0
uniform_cloud  ,   200,brute_force         ,     32,                  53,                  53,        0
uniform_cloud  ,   200,brute_force         ,     33,                  47,                  47,        0
uniform_cloud  ,   200,brute_force         ,     34,                  46,                  46,        0
uniform_cloud  ,   200,brute_force         ,     35,                  42,                  42,        0
uniform_cloud  ,   200,brute_force         ,     36,                  41,                  41,        0
uniform_cloud  ,   200,brute_force         ,     37,                  41,                  41,        0
uniform_cloud  ,   200,brute_force         ,     38,                  42,                  42,        0
uniform_cloud  ,   200,brute_force         ,     39,                  38,                  38,        0
uniform_cloud  ,   200,uniform_grid        ,      0,                6078,                 293,        1
uniform_cloud  ,   200,uniform_grid        ,      1,                6094,                 182,        1
uniform_cloud  ,   200,uniform_grid        ,      2,                6087,                 171,        1
uniform_cloud  ,   200,uniform_grid        ,      3,                6079,                 165,        1
uniform_cloud  ,   200,uniform_grid        ,      4,                6061,                 151,        1
uniform_cloud  ,   200,uniform_grid        ,      5,                6062,                 149,        1
uniform_cloud  ,   200,uniform_grid        ,      6,                6080,                 146,        1
uniform_cloud  ,   200,uniform_grid        ,      7,                6084,                 138,        1
uniform_cloud  ,   200,uniform_grid        ,      8,                6084,                 133,        1
uniform_cloud  ,   200,uniform_grid        ,      9,                6079,                 126,        1
uniform_cloud  ,   200,uniform_grid        ,     10,                6087,                 120,        1
uniform_cloud  ,   200,uniform_grid        ,     11,                6087,                 116,        1
uniform_cloud  ,   200,uniform_grid        ,     12,                6077,                 111,        1
uniform_cloud  ,   200,uniform_grid        ,     13,                6087,                 110,        1
uniform_cloud  ,   200,uniform_grid        ,     14,                6090,                 107,        1
uniform_cloud  ,   200,uniform_grid        ,     15,                6092,                 105,        1
uniform_cloud  ,   200,uniform_grid        ,     16,                6085,                 105,        1
uniform_cloud  ,   200,uniform_grid        ,     17,                6089,                  93,        1
uniform_cloud  ,   200,uniform_grid        ,     18,                6067,                  95,        1
uniform_cloud  ,   200,uniform_grid        ,     19,                6067,                  90,        1
uniform_cloud  ,   200,uniform_grid        ,     20,                6074,                  83,        1
uniform_cloud  ,   200,uniform_grid        ,     21,                6082,                  83,        1
uniform_cloud  ,   200,uniform_grid        ,     22,                6081,                  78,        1
uniform_cloud  ,   200,uniform_grid        ,     23,                6068,                  73,        1
uniform_cloud  ,   200,uniform_grid        ,     24,                6070,                  72,        1
uniform_cloud  ,   200,uniform_grid        ,     25,                6070,                  71,        1
uniform_cloud  ,   200,uniform_grid        ,     26,                6066,                  70,        1
uniform_cloud  ,   200,uniform_grid        ,     27,                6067,                  66,        1
uniform_cloud  ,   200,uniform_grid        ,     28,                6064,                  65,        1
uniform_cloud  ,   200,uniform_grid        ,     29,                6064,                  58,        1
uniform_cloud  ,   200,uniform_grid        ,     30,                6063,                  56,        1
uniform_cloud  ,   200,uniform_grid        ,     31,                6047,                  53,        1
uniform_cloud  ,   200,uniform_grid        ,     32,                6064,                  53,        1
uniform_cloud  ,   200,uniform_grid        ,     33,                6056,                  47,        1
uniform_cloud  ,   200,uniform_grid        ,     34,                6028,                  46,        1
uniform_cloud  ,   200,uniform_grid        ,     35,                6027,                  42,        1
uniform_cloud  ,   200,uniform_grid        ,     36,                6040,                  41,        1
uniform_cloud  ,   200,uniform_grid        ,     37,                6056,                  41,        1
uniform_cloud  ,   200,uniform_grid        ,     38,                6066,                  42,        1
uniform_cloud  ,   200,uniform_grid        ,     39,                6070,                  38,        1
uniform_cloud  ,   200,uniform_grid+skin   ,      0,                6078,                 293,        1
uniform_cloud  ,   200,uniform_grid+skin   ,      1,                6078,                 182,        0
uniform_cloud  ,   200,uniform_grid+skin   ,      2,                6078,                 171,        0
uniform_cloud  ,   200,uniform_grid+skin   ,      3,                6078,                 165,        0
uniform_cloud  ,   200,uniform_grid+skin   ,      4,                6078,                 151,        0
uniform_cloud  ,   200,uniform_grid+skin   ,      5,                6078,                 149,        0
uniform_cloud  ,   200,uniform_grid+skin   ,      6,                6078,                 146,        0
uniform_cloud  ,   200,uniform_grid+skin   ,      7,                6078,                 138,        0
uniform_cloud  ,   200,uniform_grid+skin   ,      8,                6078,                 133,        0
uniform_cloud  ,   200,uniform_grid+skin   ,      9,                6078,                 126,        0
uniform_cloud  ,   200,uniform_grid+skin   ,     10,                6078,                 120,        0
uniform_cloud  ,   200,uniform_grid+skin   ,     11,                6078,                 116,        0
uniform_cloud  ,   200,uniform_grid+skin   ,     12,                6078,                 111,        0
uniform_cloud  ,   200,uniform_grid+skin   ,     13,                6078,                 110,        0
uniform_cloud  ,   200,uniform_grid+skin   ,     14,                6078,                 107,        0
uniform_cloud  ,   200,uniform_grid+skin   ,     15,                6078,                 105,        0
uniform_cloud  ,   200,uniform_grid+skin   ,     16,                6078,                 105,        0
uniform_cloud  ,   200,uniform_grid+skin   ,     17,                6078,                  93,        0
uniform_cloud  ,   200,uniform_grid+skin   ,     18,                6067,                  95,        1
uniform_cloud  ,   200,uniform_grid+skin   ,     19,                6067,                  90,        0
uniform_cloud  ,   200,uniform_grid+skin   ,     20,                6067,                  83,        0
uniform_cloud  ,   200,uniform_grid+skin   ,     21,                6067,                  83,        0
uniform_cloud  ,   200,uniform_grid+skin   ,     22,                6067,                  78,        0
uniform_cloud  ,   200,uniform_grid+skin   ,     23,                6067,                  73,        0
uniform_cloud  ,   200,uniform_grid+skin   ,     24,                6067,                  72,        0
uniform_cloud  ,   200,uniform_grid+skin   ,     25,                6067,                  71,        0
uniform_cloud  ,   200,uniform_grid+skin   ,     26,                6067,                  70,        0
uniform_cloud  ,   200,uniform_grid+skin   ,     27,                6067,                  66,        0
uniform_cloud  ,   200,uniform_grid+skin   ,     28,                6067,                  65,        0
uniform_cloud  ,   200,uniform_grid+skin   ,     29,                6067,                  58,        0
uniform_cloud  ,   200,uniform_grid+skin   ,     30,                6067,                  56,        0
uniform_cloud  ,   200,uniform_grid+skin   ,     31,                6067,                  53,        0
uniform_cloud  ,   200,uniform_grid+skin   ,     32,                6067,                  53,        0
uniform_cloud  ,   200,uniform_grid+skin   ,     33,                6067,                  47,        0
uniform_cloud  ,   200,uniform_grid+skin   ,     34,                6067,                  46,        0
uniform_cloud  ,   200,uniform_grid+skin   ,     35,                6067,                  42,        0
uniform_cloud  ,   200,uniform_grid+skin   ,     36,                6067,                  41,        0
uniform_cloud  ,   200,uniform_grid+skin   ,     37,                6067,                  41,        0
uniform_cloud  ,   200,uniform_grid+skin   ,     38,                6067,                  42,        0
uniform_cloud  ,   200,uniform_grid+skin   ,     39,                6067,                  38,        0
uniform_cloud  ,   200,octree              ,      0,               75980,                 293,        1
uniform_cloud  ,   200,octree              ,      1,               76044,                 182,        1
uniform_cloud  ,   200,octree              ,      2,               76100,                 171,        1
uniform_cloud  ,   200,octree              ,      3,               76069,                 165,        1
uniform_cloud  ,   200,octree              ,      4,               76007,                 151,        1
uniform_cloud  ,   200,octree              ,      5,               76120,                 149,        1
uniform_cloud  ,   200,octree              ,      6,               76091,                 146,        1
uniform_cloud  ,   200,octree              ,      7,               76150,                 138,        1
uniform_cloud  ,   200,octree              ,      8,               76146,                 133,        1
uniform_cloud  ,   200,octree              ,      9,               76460,                 126,        1
uniform_cloud  ,   200,octree              ,     10,               76411,                 120,        1
uniform_cloud  ,   200,octree              ,     11,               76589,                 116,        1
uniform_cloud  ,   200,octree              ,     12,               76899,                 111,        1
uniform_cloud  ,   200,octree              ,     13,               76585,                 110,        1
uniform_cloud  ,   200,octree              ,     14,               76609,                 107,        1
uniform_cloud  ,   200,octree              ,     15,               76665,                 105,        1
uniform_cloud  ,   200,octree              ,     16,               76689,                 105,        1
uniform_cloud  ,   200,octree              ,     17,               76749,                  93,        1
uniform_cloud  ,   200,octree              ,     18,               76797,                  95,        1
uniform_cloud  ,   200,octree              ,     19,               76782,                  90,        1
uniform_cloud  ,   200,octree              ,     20,               76951,                  83,        1
uniform_cloud  ,   200,octree              ,     21,               77221,                  83,        1
uniform_cloud  ,   200,octree              ,     22,               77255,                  78,        1
uniform_cloud  ,   200,octree              ,     23,               77253,                  73,        1
uniform_cloud  ,   200,octree              ,     24,               77209,                  72,        1
uniform_cloud  ,   200,octree              ,     25,               77130,                  71,        1
uniform_cloud  ,   200,octree              ,     26,               77117,                  70,        1
uniform_cloud  ,   200,octree              ,     27,               77117,                  66,        1
uniform_cloud  ,   200,octree              ,     28,               76980,                  65,        1
uniform_cloud  ,   200,octree              ,     29,               76393,                  58,        1
uniform_cloud  ,   200,octree              ,     30,               76401,                  56,        1
uniform_cloud  ,   200,octree              ,     31,               76355,                  53,        1
uniform_cloud  ,   200,octree              ,     32,               76294,                  53,        1
uniform_cloud  ,   200,octree              ,     33,               76347,                  47,        1
uniform_cloud  ,   200,octree              ,     34,               75774,                  46,        1
uniform_cloud  ,   200,octree              ,     35,               75779,                  42,        1
uniform_cloud  ,   200,octree              ,     36,               75740,                  41,        1
uniform_cloud  ,   200,octree              ,     37,               76350,                  41,        1
uniform_cloud  ,   200,octree              ,     38,               76069,                  42,        1
uniform_cloud  ,   200,octree              ,     39,               76413,                  38,        1
uniform_cloud  ,   200,octree+skin         ,      0,               75980,                 293,        1
uniform_cloud  ,   200,octree+skin         ,      1,               75980,                 182,        0
uniform_cloud  ,   200,octree+skin         ,      2,               75980,                 171,        0
uniform_cloud  ,   200,octree+skin         ,      3,               75980,                 165,        0
uniform_cloud  ,   200,octree+skin         ,      4,               75980,                 151,        0
uniform_cloud  ,   200,octree+skin         ,      5,               75980,                 149,        0
uniform_cloud  ,   200,octree+skin         ,      6,               75980,                 146,        0
uniform_cloud  ,   200,octree+skin         ,      7,               75980,                 138,        0
uniform_cloud  ,   200,octree+skin         ,      8,               75980,                 133,        0
uniform_cloud  ,   200,octree+skin         ,      9,               75980,                 126,        0
uniform_cloud  ,   200,octree+skin         ,     10,               75980,                 120,        0
uniform_cloud  ,   200,octree+skin         ,     11,               75980,                 116,        0
uniform_cloud  ,   200,octree+skin         ,     12,               75980,                 111,        0
uniform_cloud  ,   200,octree+skin         ,     13,               75980,                 110,        0
uniform_cloud  ,   200,octree+skin         ,     14,               75980,                 107,        0
uniform_cloud  ,   200,octree+skin         ,     15,               75980,                 105,        0
uniform_cloud  ,   200,octree+skin         ,     16,               75980,                 105,        0
uniform_cloud  ,   200,octree+skin         ,     17,               75980,                  93,        0
uniform_cloud  ,   200,octree+skin         ,     18,              645275,                  95,        1
uniform_cloud  ,   200,octree+skin         ,     19,              645275,                  90,        0
uniform_cloud  ,   200,octree+skin         ,     20,              645275,                  83,        0
uniform_cloud  ,   200,octree+skin         ,     21,              645275,                  83,        0
uniform_cloud  ,   200,octree+skin         ,     22,              645275,                  78,        0
uniform_cloud  ,   200,octree+skin         ,     23,              645275,                  73,        0
uniform_cloud  ,   200,octree+skin         ,     24,              645275,                  72,        0
uniform_cloud  ,   200,octree+skin         ,     25,              645275,                  71,        0
uniform_cloud  ,   200,octree+skin         ,     26,              645275,                  70,        0
uniform_cloud  ,   200,octree+skin         ,     27,              645275,                  66,        0
uniform_cloud  ,   200,octree+skin         ,     28,              645275,                  65,        0
uniform_cloud  ,   200,octree+skin         ,     29,              645275,                  58,        0
uniform_cloud  ,   200,octree+skin         ,     30,              645275,                  56,        0
uniform_cloud  ,   200,octree+skin         ,     31,              645275,                  53,        0
uniform_cloud  ,   200,octree+skin         ,     32,              645275,                  53,        0
uniform_cloud  ,   200,octree+skin         ,     33,              645275,                  47,        0
uniform_cloud  ,   200,octree+skin         ,     34,              645275,                  46,        0
uniform_cloud  ,   200,octree+skin         ,     35,              645275,                  42,        0
uniform_cloud  ,   200,octree+skin         ,     36,              645275,                  41,        0
uniform_cloud  ,   200,octree+skin         ,     37,              645275,                  41,        0
uniform_cloud  ,   200,octree+skin         ,     38,              645275,                  42,        0
uniform_cloud  ,   200,octree+skin         ,     39,              645275,                  38,        0
uniform_cloud  ,   500,brute_force         ,      0,                 293,                 293,        0
uniform_cloud  ,   500,brute_force         ,      1,                 182,                 182,        0
uniform_cloud  ,   500,brute_force         ,      2,                 171,                 171,        0
uniform_cloud  ,   500,brute_force         ,      3,                 165,                 165,        0
uniform_cloud  ,   500,brute_force         ,      4,                 151,                 151,        0
uniform_cloud  ,   500,brute_force         ,      5,                 149,                 149,        0
uniform_cloud  ,   500,brute_force         ,      6,                 146,                 146,        0
uniform_cloud  ,   500,brute_force         ,      7,                 138,                 138,        0
uniform_cloud  ,   500,brute_force         ,      8,                 133,                 133,        0
uniform_cloud  ,   500,brute_force         ,      9,                 126,                 126,        0
uniform_cloud  ,   500,brute_force         ,     10,                 120,                 120,        0
uniform_cloud  ,   500,brute_force         ,     11,                 116,                 116,        0
uniform_cloud  ,   500,brute_force         ,     12,                 111,                 111,        0
uniform_cloud  ,   500,brute_force         ,     13,                 110,                 110,        0
uniform_cloud  ,   500,brute_force         ,     14,                 107,                 107,        0
uniform_cloud  ,   500,brute_force         ,     15,                 105,                 105,        0
uniform_cloud  ,   500,brute_force         ,     16,                 105,                 105,        0
uniform_cloud  ,   500,brute_force         ,     17,                  93,                  93,        0
uniform_cloud  ,   500,brute_force         ,     18,                  95,                  95,        0
uniform_cloud  ,   500,brute_force         ,     19,                  90,                  90,        0
uniform_cloud  ,   500,brute_force         ,     20,                  83,                  83,        0
uniform_cloud  ,   500,brute_force         ,     21,                  83,                  83,        0
uniform_cloud  ,   500,brute_force         ,     22,                  78,                  78,        0
uniform_cloud  ,   500,brute_force         ,     23,                  73,                  73,        0
uniform_cloud  ,   500,brute_force         ,     24,                  72,                  72,        0
uniform_cloud  ,   500,brute_force         ,     25,                  71,                  71,        0
uniform_cloud  ,   500,brute_force         ,     26,                  70,                  70,        0
uniform_cloud  ,   500,brute_force         ,     27,                  66,                  66,        0
uniform_cloud  ,   500,brute_force         ,     28,                  65,                  65,        0
uniform_cloud  ,   500,brute_force         ,     29,                  58,                  58,        0
uniform_cloud  ,   500,brute_force         ,     30,                  56,                  56,        0
uniform_cloud  ,   500,brute_force         ,     31,                  53,                  53,        0
uniform_cloud  ,   500,brute_force         ,     32,                  53,                  53,        0
uniform_cloud  ,   500,brute_force         ,     33,                  47,                  47,        0
uniform_cloud  ,   500,brute_force         ,     34,                  46,                  46,        0
uniform_cloud  ,   500,brute_force         ,     35,                  42,                  42,        0
uniform_cloud  ,   500,brute_force         ,     36,                  41,                  41,        0
uniform_cloud  ,   500,brute_force         ,     37,                  41,                  41,        0
uniform_cloud  ,   500,brute_force         ,     38,                  42,                  42,        0
uniform_cloud  ,   500,brute_force         ,     39,                  38,                  38,        0
uniform_cloud  ,   500,uniform_grid        ,      0,                6078,                 293,        1
uniform_cloud  ,   500,uniform_grid        ,      1,                6094,                 182,        1
uniform_cloud  ,   500,uniform_grid        ,      2,                6087,                 171,        1
uniform_cloud  ,   500,uniform_grid        ,      3,                6079,                 165,        1
uniform_cloud  ,   500,uniform_grid        ,      4,                6061,                 151,        1
uniform_cloud  ,   500,uniform_grid        ,      5,                6062,                 149,        1
uniform_cloud  ,   500,uniform_grid        ,      6,                6080,                 146,        1
uniform_cloud  ,   500,uniform_grid        ,      7,                6084,                 138,        1
uniform_cloud  ,   500,uniform_grid        ,      8,                6084,                 133,        1
uniform_cloud  ,   500,uniform_grid        ,      9,                6079,                 126,        1
uniform_cloud  ,   500,uniform_grid        ,     10,                6087,                 120,        1
uniform_cloud  ,   500,uniform_grid        ,     11,                6087,                 116,        1
uniform_cloud  ,   500,uniform_grid        ,     12,                6077,                 111,        1
uniform_cloud  ,   500,uniform_grid        ,     13,                6087,                 110,        1
uniform_cloud  ,   500,uniform_grid        ,     14,                6090,                 107,        1
uniform_cloud  ,   500,uniform_grid        ,     15,                6092,                 105,        1
uniform_cloud  ,   500,uniform_grid        ,     16,                6085,                 105,        1
uniform_cloud  ,   500,uniform_grid        ,     17,                6089,                  93,        1
uniform_cloud  ,   500,uniform_grid        ,     18,                6067,                  95,        1
uniform_cloud  ,   500,uniform_grid        ,     19,                6067,                  90,        1
uniform_cloud  ,   500,uniform_grid        ,     20,                6074,                  83,        1
uniform_cloud  ,   500,uniform_grid        ,     21,                6082,                  83,        1
uniform_cloud  ,   500,uniform_grid        ,     22,                6081,                  78,        1
uniform_cloud  ,   500,uniform_grid        ,     23,                6068,                  73,        1
uniform_cloud  ,   500,uniform_grid        ,     24,                6070,                  72,        1
uniform_cloud  ,   500,uniform_grid        ,     25,                6070,                  71,        1
uniform_cloud  ,   500,uniform_grid        ,     26,                6066,                  70,        1
uniform_cloud  ,   500,uniform_grid        ,     27,                6067,                  66,        1
uniform_cloud  ,   500,uniform_grid        ,     28,                6064,                  65,        1
uniform_cloud  ,   500,uniform_grid        ,     29,                6064,                  58,        1
uniform_cloud  ,   500,uniform_grid        ,     30,                6063,                  56,        1
uniform_cloud  ,   500,uniform_grid        ,     31,                6047,                  53,        1
uniform_cloud  ,   500,uniform_grid        ,     32,                6064,                  53,        1
uniform_cloud  ,   500,uniform_grid        ,     33,                6056,                  47,        1
uniform_cloud  ,   500,uniform_grid        ,     34,                6028,                  46,        1
uniform_cloud  ,   500,uniform_grid        ,     35,                6027,                  42,        1
uniform_cloud  ,   500,uniform_grid        ,     36,                6040,                  41,        1
uniform_cloud  ,   500,uniform_grid        ,     37,                6056,                  41,        1
uniform_cloud  ,   500,uniform_grid        ,     38,                6066,                  42,        1
uniform_cloud  ,   500,uniform_grid        ,     39,                6070,                  38,        1
uniform_cloud  ,   500,uniform_grid+skin   ,      0,                6078,                 293,        1
uniform_cloud  ,   500,uniform_grid+skin   ,      1,                6078,                 182,        0
uniform_cloud  ,   500,uniform_grid+skin   ,      2,                6078,                 171,        0
uniform_cloud  ,   500,uniform_grid+skin   ,      3,                6078,                 165,        0
uniform_cloud  ,   500,uniform_grid+skin   ,      4,                6078,                 151,        0
uniform_cloud  ,   500,uniform_grid+skin   ,      5,                6078,                 149,        0
uniform_cloud  ,   500,uniform_grid+skin   ,      6,                6078,                 146,        0
uniform_cloud  ,   500,uniform_grid+skin   ,      7,                6078,                 138,        0
uniform_cloud  ,   500,uniform_grid+skin   ,      8,                6078,                 133,        0
uniform_cloud  ,   500,uniform_grid+skin   ,      9,                6078,                 126,        0
uniform_cloud  ,   500,uniform_grid+skin   ,     10,                6078,                 120,        0
uniform_cloud  ,   500,uniform_grid+skin   ,     11,                6078,                 116,        0
uniform_cloud  ,   500,uniform_grid+skin   ,     12,                6078,                 111,        0
uniform_cloud  ,   500,uniform_grid+skin   ,     13,                6078,                 110,        0
uniform_cloud  ,   500,uniform_grid+skin   ,     14,                6078,                 107,        0
uniform_cloud  ,   500,uniform_grid+skin   ,     15,                6078,                 105,        0
uniform_cloud  ,   500,uniform_grid+skin   ,     16,                6078,                 105,        0
uniform_cloud  ,   500,uniform_grid+skin   ,     17,                6078,                  93,        0
uniform_cloud  ,   500,uniform_grid+skin   ,     18,                6078,                  95,        0
uniform_cloud  ,   500,uniform_grid+skin   ,     19,                6067,                  90,        1
uniform_cloud  ,   500,uniform_grid+skin   ,     20,                6067,                  83,        0
uniform_cloud  ,   500,uniform_grid+skin   ,     21,                6067,                  83,        0
uniform_cloud  ,   500,uniform_grid+skin   ,     22,                6067,                  78,        0
uniform_cloud  ,   500,uniform_grid+skin   ,     23,                6067,                  73,        0
uniform_cloud  ,   500,uniform_grid+skin   ,     24,                6067,                  72,        0
uniform_cloud  ,   500,uniform_grid+skin   ,     25,                6067,                  71,        0
uniform_cloud  ,   500,uniform_grid+skin   ,     26,                6067,                  70,        0
uniform_cloud  ,   500,uniform_grid+skin   ,     27,                6067,                  66,        0
uniform_cloud  ,   500,uniform_grid+skin   ,     28,                6067,                  65,        0
uniform_cloud  ,   500,uniform_grid+skin   ,     29,                6067,                  58,        0
uniform_cloud  ,   500,uniform_grid+skin   ,     30,                6067,                  56,        0
uniform_cloud  ,   500,uniform_grid+skin   ,     31,                6067,                  53,        0
uniform_cloud  ,   500,uniform_grid+skin   ,     32,                6067,                  53,        0
uniform_cloud  ,   500,uniform_grid+skin   ,     33,                6067,                  47,        0
uniform_cloud  ,   500,uniform_grid+skin   ,     34,                6067,                  46,        0
uniform_cloud  ,   500,uniform_grid+skin   ,     35,                6067,                  42,        0
uniform_cloud  ,   500,uniform_grid+skin   ,     36,                6067,                  41,        0
uniform_cloud  ,   500,uniform_grid+skin   ,     37,                6067,                  41,        0
uniform_cloud  ,   500,uniform_grid+skin   ,     38,                6067,                  42,        0
uniform_cloud  ,   500,uniform_grid+skin   ,     39,                6067,                  38,        0
uniform_cloud  ,   500,octree              ,      0,               75980,                 293,        1
uniform_cloud  ,   500,octree              ,      1,               76044,                 182,        1
uniform_cloud  ,   500,octree              ,      2,               76100,                 171,        1
uniform_cloud  ,   500,octree              ,      3,               76069,                 165,        1
uniform_cloud  ,   500,octree              ,      4,               76007,                 151,        1
uniform_cloud  ,   500,octree              ,      5,               76120,                 149,        1
uniform_cloud  ,   500,octree              ,      6,               76091,                 146,        1
uniform_cloud  ,   500,octree              ,      7,               76150,                 138,        1
uniform_cloud  ,   500,octree              ,      8,               76146,                 133,        1
uniform_cloud  ,   500,octree              ,      9,               76460,                 126,        1
uniform_cloud  ,   500,octree              ,     10,               76411,                 120,        1
uniform_cloud  ,   500,octree              ,     11,               76589,                 116,        1
uniform_cloud  ,   500,octree              ,     12,               76899,                 111,        1
uniform_cloud  ,   500,octree              ,     13,               76585,                 110,        1
uniform_cloud  ,   500,octree              ,     14,               76609,                 107,        1
uniform_cloud  ,   500,octree              ,     15,               76665,                 105,        1
uniform_cloud  ,   500,octree              ,     16,               76689,                 105,        1
uniform_cloud  ,   500,octree              ,     17,               76749,                  93,        1
uniform_cloud  ,   500,octree              ,     18,               76797,                  95,        1
uniform_cloud  ,   500,octree              ,     19,               76782,                  90,        1
uniform_cloud  ,   500,octree              ,     20,               76951,                  83,        1
uniform_cloud  ,   500,octree              ,     21,               77221,                  83,        1
uniform_cloud  ,   500,octree              ,     22,               77255,                  78,        1
uniform_cloud  ,   500,octree              ,     23,               77253,                  73,        1
uniform_cloud  ,   500,octree              ,     24,               77209,                  72,        1
uniform_cloud  ,   500,octree              ,     25,               77130,                  71,        1
uniform_cloud  ,   500,octree              ,     26,               77117,                  70,        1
uniform_cloud  ,   500,octree              ,     27,               77117,                  66,        1
uniform_cloud  ,   500,octree              ,     28,               76980,                  65,        1
uniform_cloud  ,   500,octree              ,     29,               76393,                  58,        1
uniform_cloud  ,   500,octree              ,     30,               76401,                  56,        1
uniform_cloud  ,   500,octree              ,     31,               76355,                  53,        1
uniform_cloud  ,   500,octree              ,     32,               76294,                  53,        1
uniform_cloud  ,   500,octree              ,     33,               76347,                  47,        1
uniform_cloud  ,   500,octree              ,     34,               75774,                  46,        1
uniform_cloud  ,   500,octree              ,     35,               75779,                  42,        1
uniform_cloud  ,   500,octree              ,     36,               75740,                  41,        1
uniform_cloud  ,   500,octree              ,     37,               76350,                  41,        1
uniform_cloud  ,   500,octree              ,     38,               76069,                  42,        1
uniform_cloud  ,   500,octree              ,     39,               76413,                  38,        1
uniform_cloud  ,   500,octree+skin         ,      0,               75980,                 293,        1
uniform_cloud  ,   500,octree+skin         ,      1,               75980,                 182,        0
uniform_cloud  ,   500,octree+skin         ,      2,               75980,                 171,        0
uniform_cloud  ,   500,octree+skin         ,      3,               75980,                 165,        0
uniform_cloud  ,   500,octree+skin         ,      4,               75980,                 151,        0
uniform_cloud  ,   500,octree+skin         ,      5,               75980,                 149,        0
uniform_cloud  ,   500,octree+skin         ,      6,               75980,                 146,        0
uniform_cloud  ,   500,octree+skin         ,      7,               75980,                 138,        0
uniform_cloud  ,   500,octree+skin         ,      8,               75980,                 133,        0
uniform_cloud  ,   500,octree+skin         ,      9,               75980,                 126,        0
uniform_cloud  ,   500,octree+skin         ,     10,               75980,                 120,        0
uniform_cloud  ,   500,octree+skin         ,     11,               75980,                 116,        0
uniform_cloud  ,   500,octree+skin         ,     12,               75980,                 111,        0
uniform_cloud  ,   500,octree+skin         ,     13,               75980,                 110,        0
uniform_cloud  ,   500,octree+skin         ,     14,               75980,                 107,        0
uniform_cloud  ,   500,octree+skin         ,     15,               75980,                 105,        0
uniform_cloud  ,   500,octree+skin         ,     16,               75980,                 105,        0
uniform_cloud  ,   500,octree+skin         ,     17,               75980,                  93,        0
uniform_cloud  ,   500,octree+skin         ,     18,               75980,                  95,        0
uniform_cloud  ,   500,octree+skin         ,     19,               75980,                  90,        0
uniform_cloud  ,   500,octree+skin         ,     20,               75980,                  83,        0
uniform_cloud  ,   500,octree+skin         ,     21,               75980,                  83,        0
uniform_cloud  ,   500,octree+skin         ,     22,               75980,                  78,        0
uniform_cloud  ,   500,octree+skin         ,     23,               75980,                  73,        0
uniform_cloud  ,   500,octree+skin         ,     24,               75980,                  72,        0
uniform_cloud  ,   500,octree+skin         ,     25,               75980,                  71,        0
uniform_cloud  ,   500,octree+skin         ,     26,               75980,                  70,        0
uniform_cloud  ,   500,octree+skin         ,     27,               75980,                  66,        0
uniform_cloud  ,   500,octree+skin         ,     28,               75980,                  65,        0
uniform_cloud  ,   500,octree+skin         ,     29,               75980,                  58,        0
uniform_cloud  ,   500,octree+skin         ,     30,               75980,                  56,        0
uniform_cloud  ,   500,octree+skin         ,     31,               75980,                  53,        0
uniform_cloud  ,   500,octree+skin         ,     32,               75980,                  53,        0
uniform_cloud  ,   500,octree+skin         ,     33,               75980,                  47,        0
uniform_cloud  ,   500,octree+skin         ,     34,               75980,                  46,        0
uniform_cloud  ,   500,octree+skin         ,     35,               75980,                  42,        0
uniform_cloud  ,   500,octree+skin         ,     36,               75980,                  41,        0
uniform_cloud  ,   500,octree+skin         ,     37,               75980,                  41,        0
uniform_cloud  ,   500,octree+skin         ,     38,               75980,                  42,        0
uniform_cloud  ,   500,octree+skin         ,     39,               75980,                  38,        0
uniform_cloud  ,  1000,brute_force         ,      0,                 293,                 293,        0
uniform_cloud  ,  1000,brute_force         ,      1,                 182,                 182,        0
uniform_cloud  ,  1000,brute_force         ,      2,                 171,                 171,        0
uniform_cloud  ,  1000,brute_force         ,      3,                 165,                 165,        0
uniform_cloud  ,  1000,brute_force         ,      4,                 151,                 151,        0
uniform_cloud  ,  1000,brute_force         ,      5,                 149,                 149,        0
uniform_cloud  ,  1000,brute_force         ,      6,                 146,                 146,        0
uniform_cloud  ,  1000,brute_force         ,      7,                 138,                 138,        0
uniform_cloud  ,  1000,brute_force         ,      8,                 133,                 133,        0
uniform_cloud  ,  1000,brute_force         ,      9,                 126,                 126,        0
uniform_cloud  ,  1000,brute_force         ,     10,                 120,                 120,        0
uniform_cloud  ,  1000,brute_force         ,     11,                 116,                 116,        0
uniform_cloud  ,  1000,brute_force         ,     12,                 111,                 111,        0
uniform_cloud  ,  1000,brute_force         ,     13,                 110,                 110,        0
uniform_cloud  ,  1000,brute_force         ,     14,                 107,                 107,        0
uniform_cloud  ,  1000,brute_force         ,     15,                 105,                 105,        0
uniform_cloud  ,  1000,brute_force         ,     16,                 105,                 105,        0
uniform_cloud  ,  1000,brute_force         ,     17,                  93,                  93,        0
uniform_cloud  ,  1000,brute_force         ,     18,                  95,                  95,        0
uniform_cloud  ,  1000,brute_force         ,     19,                  90,                  90,        0
uniform_cloud  ,  1000,brute_force         ,     20,                  83,                  83,        0
uniform_cloud  ,  1000,brute_force         ,     21,                  83,                  83,        0
uniform_cloud  ,  1000,brute_force         ,     22,                  78,                  78,        0
uniform_cloud  ,  1000,brute_force         ,     23,                  73,                  73,        0
uniform_cloud  ,  1000,brute_force         ,     24,                  72,                  72,        0
uniform_cloud  ,  1000,brute_force         ,     25,                  71,                  71,        0
uniform_cloud  ,  1000,brute_force         ,     26,                  70,                  70,        0
uniform_cloud  ,  1000,brute_force         ,     27,                  66,                  66,        0
uniform_cloud  ,  1000,brute_force         ,     28,                  65,                  65,        0
uniform_cloud  ,  1000,brute_force         ,     29,                  58,                  58,        0
uniform_cloud  ,  1000,brute_force         ,     30,                  56,                  56,        0
uniform_cloud  ,  1000,brute_force         ,     31,                  53,                  53,        0
uniform_cloud  ,  1000,brute_force         ,     32,                  53,                  53,        0
uniform_cloud  ,  1000,brute_force         ,     33,                  47,                  47,        0
uniform_cloud  ,  1000,brute_force         ,     34,                  46,                  46,        0
uniform_cloud  ,  1000,brute_force         ,     35,                  42,                  42,        0
uniform_cloud  ,  1000,brute_force         ,     36,                  41,                  41,        0
uniform_cloud  ,  1000,brute_force         ,     37,                  41,                  41,        0
uniform_cloud  ,  1000,brute_force         ,     38,                  42,                  42,        0
uniform_cloud  ,  1000,brute_force         ,     39,                  38,                  38,        0
uniform_cloud  ,  1000,uniform_grid        ,      0,                6078,                 293,        1
uniform_cloud  ,  1000,uniform_grid        ,      1,                6094,                 182,        1
uniform_cloud  ,  1000,uniform_grid        ,      2,                6087,                 171,        1
uniform_cloud  ,  1000,uniform_grid        ,      3,                6079,                 165,        1
uniform_cloud  ,  1000,uniform_grid        ,      4,                6061,                 151,        1
uniform_cloud  ,  1000,uniform_grid        ,      5,                6062,                 149,        1
uniform_cloud  ,  1000,uniform_grid        ,      6,                6080,                 146,        1
uniform_cloud  ,  1000,uniform_grid        ,      7,                6084,                 138,        1
uniform_cloud  ,  1000,uniform_grid        ,      8,                6084,                 133,        1
uniform_cloud  ,  1000,uniform_grid        ,      9,                6079,                 126,        1
uniform_cloud  ,  1000,uniform_grid        ,     10,                6087,                 120,        1
uniform_cloud  ,  1000,uniform_grid        ,     11,                6087,                 116,        1
uniform_cloud  ,  1000,uniform_grid        ,     12,                6077,                 111,        1
uniform_cloud  ,  1000,uniform_grid        ,     13,                6087,                 110,        1
uniform_cloud  ,  1000,uniform_grid        ,     14,                6090,                 107,        1
uniform_cloud  ,  1000,uniform_grid        ,     15,                6092,                 105,        1
uniform_cloud  ,  1000,uniform_grid        ,     16,                6085,                 105,        1
uniform_cloud  ,  1000,uniform_grid        ,     17,                6089,                  93,        1
uniform_cloud  ,  1000,uniform_grid        ,     18,                6067,                  95,        1
uniform_cloud  ,  1000,uniform_grid        ,     19,                6067,                  90,        1
uniform_cloud  ,  1000,uniform_grid        ,     20,                6074,                  83,        1
uniform_cloud  ,  1000,uniform_grid        ,     21,                6082,                  83,        1
uniform_cloud  ,  1000,uniform_grid        ,     22,                6081,                  78,        1
uniform_cloud  ,  1000,uniform_grid        ,     23,                6068,                  73,        1
uniform_cloud  ,  1000,uniform_grid        ,     24,                6070,                  72,        1
uniform_cloud  ,  1000,uniform_grid        ,     25,                6070,                  71,        1
uniform_cloud  ,  1000,uniform_grid        ,     26,                6066,                  70,        1
uniform_cloud  ,  1000,uniform_grid        ,     27,                6067,                  66,        1
uniform_cloud  ,  1000,uniform_grid        ,     28,                6064,                  65,        1
uniform_cloud  ,  1000,uniform_grid        ,     29,                6064,                  58,        1
uniform_cloud  ,  1000,uniform_grid        ,     30,                6063,                  56,        1
uniform_cloud  ,  1000,uniform_grid        ,     31,                6047,                  53,        1
uniform_cloud  ,  1000,uniform_grid        ,     32,                6064,                  53,        1
uniform_cloud  ,  1000,uniform_grid        ,     33,                6056,                  47,        1
uniform_cloud  ,  1000,uniform_grid        ,     34,                6028,                  46,        1
uniform_cloud  ,  1000,uniform_grid        ,     35,                6027,                  42,        1
uniform_cloud  ,  1000,uniform_grid        ,     36,                6040,                  41,        1
uniform_cloud  ,  1000,uniform_grid        ,     37,                6056,                  41,        1
uniform_cloud  ,  1000,uniform_grid        ,     38,                6066,                  42,        1
uniform_cloud  ,  1000,uniform_grid        ,     39,                6070,                  38,        1
uniform_cloud  ,  1000,uniform_grid+skin   ,      0,                6078,                 293,        1
uniform_cloud  ,  1000,uniform_grid+skin   ,      1,                6078,                 182,        0
uniform_cloud  ,  1000,uniform_grid+skin   ,      2,                6078,                 171,        0
uniform_cloud  ,  1000,uniform_grid+skin   ,      3,                6078,                 165,        0
uniform_cloud  ,  1000,uniform_grid+skin   ,      4,                6078,                 151,        0
uniform_cloud  ,  1000,uniform_grid+skin   ,      5,                6078,                 149,        0
uniform_cloud  ,  1000,uniform_grid+skin   ,      6,                6078,                 146,        0
uniform_cloud  ,  1000,uniform_grid+skin   ,      7,                6078,                 138,        0
uniform_cloud  ,  1000,uniform_grid+skin   ,      8,                6078,                 133,        0
uniform_cloud  ,  1000,uniform_grid+skin   ,      9,                6078,                 126,        0
uniform_cloud  ,  1000,uniform_grid+skin   ,     10,                6078,                 120,        0
uniform_cloud  ,  1000,uniform_grid+skin   ,     11,                6078,                 116,        0
uniform_cloud  ,  1000,uniform_grid+skin   ,     12,                6078,                 111,        0
uniform_cloud  ,  1000,uniform_grid+skin   ,     13,                6078,                 110,        0
uniform_cloud  ,  1000,uniform_grid+skin   ,     14,                6078,                 107,        0
uniform_cloud  ,  1000,uniform_grid+skin   ,     15,                6078,                 105,        0
uniform_cloud  ,  1000,uniform_grid+skin   ,     16,                6078,                 105,        0
uniform_cloud  ,  1000,uniform_grid+skin   ,     17,                6078,                  93,        0
uniform_cloud  ,  1000,uniform_grid+skin   ,     18,                6078,                  95,        0
uniform_cloud  ,  1000,uniform_grid+skin   ,     19,                6067,                  90,        1
uniform_cloud  ,  1000,uniform_grid+skin   ,     20,                6067,                  83,        0
uniform_cloud  ,  1000,uniform_grid+skin   ,     21,                6067,                  83,        0
uniform_cloud  ,  1000,uniform_grid+skin   ,     22,                6067,                  78,        0
uniform_cloud  ,  1000,uniform_grid+skin   ,     23,                6067,                  73,        0
uniform_cloud  ,  1000,uniform_grid+skin   ,     24,                6067,                  72,        0
uniform_cloud  ,  1000,uniform_grid+skin   ,     25,                6067,                  71,        0
uniform_cloud  ,  1000,uniform_grid+skin   ,     26,                6067,                  70,        0
uniform_cloud  ,  1000,uniform_grid+skin   ,     27,                6067,                  66,        0
uniform_cloud  ,  1000,uniform_grid+skin   ,     28,                6067,                  65,        0
uniform_cloud  ,  1000,uniform_grid+skin   ,     29,                6067,                  58,        0
uniform_cloud  ,  1000,uniform_grid+skin   ,     30,                6067,                  56,        0
uniform_cloud  ,  1000,uniform_grid+skin   ,     31,                6067,                  53,        0
uniform_cloud  ,  1000,uniform_grid+skin   ,     32,                6067,                  53,        0
uniform_cloud  ,  1000,uniform_grid+skin   ,     33,                6067,                  47,        0
uniform_cloud  ,  1000,uniform_grid+skin   ,     34,                6067,                  46,        0
uniform_cloud  ,  1000,uniform_grid+skin   ,     35,                6067,                  42,        0
uniform_cloud  ,  1000,uniform_grid+skin   ,     36,                6067,                  41,        0
uniform_cloud  ,  1000,uniform_grid+skin   ,     37,                6067,                  41,        0
uniform_cloud  ,  1000,uniform_grid+skin   ,     38,                6067,                  42,        0
uniform_cloud  ,  1000,uniform_grid+skin   ,     39,                6067,                  38,        0
uniform_cloud  ,  1000,octree              ,      0,               75980,                 293,        1
uniform_cloud  ,  1000,octree              ,      1,               76044,                 182,        1
uniform_cloud  ,  1000,octree              ,      2,               76100,                 171,        1
uniform_cloud  ,  1000,octree              ,      3,               76069,                 165,        1
uniform_cloud  ,  1000,octree              ,      4,               76007,                 151,        1
uniform_cloud  ,  1000,octree              ,      5,               76120,                 149,        1
uniform_cloud  ,  1000,octree              ,      6,               76091,                 146,        1
uniform_cloud  ,  1000,octree              ,      7,               76150,                 138,        1
uniform_cloud  ,  1000,octree              ,      8,               76146,                 133,        1
uniform_cloud  ,  1000,octree              ,      9,               76460,                 126,        1
uniform_cloud  ,  1000,octree              ,     10,               76411,                 120,        1
uniform_cloud  ,  1000,octree              ,     11,               76589,                 116,        1
uniform_cloud  ,  1000,octree              ,     12,               76899,                 111,        1
uniform_cloud  ,  1000,octree              ,     13,               76585,                 110,        1
uniform_cloud  ,  1000,octree              ,     14,               76609,                 107,        1
uniform_cloud  ,  1000,octree              ,     15,               76665,                 105,        1
uniform_cloud  ,  1000,octree              ,     16,               76689,                 105,        1
uniform_cloud  ,  1000,octree              ,     17,               76749,                  93,        1
uniform_cloud  ,  1000,octree              ,     18,               76797,                  95,        1
uniform_cloud  ,  1000,octree              ,     19,               76782,                  90,        1
uniform_cloud  ,  1000,octree              ,     20,               76951,                  83,        1
uniform_cloud  ,  1000,octree              ,     21,               77221,                  83,        1
uniform_cloud  ,  1000,octree              ,     22,               77255,                  78,        1
uniform_cloud  ,  1000,octree              ,     23,               77253,                  73,        1
uniform_cloud  ,  1000,octree              ,     24,               77209,                  72,        1
uniform_cloud  ,  1000,octree              ,     25,               77130,                  71,        1
uniform_cloud  ,  1000,octree              ,     26,               77117,                  70,        1
uniform_cloud  ,  1000,octree              ,     27,               77117,                  66,        1
uniform_cloud  ,  1000,octree              ,     28,               76980,                  65,        1
uniform_cloud  ,  1000,octree              ,     29,               76393,                  58,        1
uniform_cloud  ,  1000,octree              ,     30,               76401,                  56,        1
uniform_cloud  ,  1000,octree              ,     31,               76355,                  53,        1
uniform_cloud  ,  1000,octree              ,     32,               76294,                  53,        1
uniform_cloud  ,  1000,octree              ,     33,               76347,                  47,        1
uniform_cloud  ,  1000,octree              ,     34,               75774,                  46,        1
uniform_cloud  ,  1000,octree              ,     35,               75779,                  42,        1
uniform_cloud  ,  1000,octree              ,     36,               75740,                  41,        1
uniform_cloud  ,  1000,octree              ,     37,               76350,                  41,        1
uniform_cloud  ,  1000,octree              ,     38,               76069,                  42,        1
uniform_cloud  ,  1000,octree              ,     39,               76413,                  38,        1
uniform_cloud  ,  1000,octree+skin         ,      0,               75980,                 293,        1
uniform_cloud  ,  1000,octree+skin         ,      1,               75980,                 182,        0
uniform_cloud  ,  1000,octree+skin         ,      2,               75980,                 171,        0
uniform_cloud  ,  1000,octree+skin         ,      3,               75980,                 165,        0
uniform_cloud  ,  1000,octree+skin         ,      4,               75980,                 151,        0
uniform_cloud  ,  1000,octree+skin         ,      5,               75980,                 149,        0
uniform_cloud  ,  1000,octree+skin         ,      6,               75980,                 146,        0
uniform_cloud  ,  1000,octree+skin         ,      7,               75980,                 138,        0
uniform_cloud  ,  1000,octree+skin         ,      8,               75980,                 133,        0
uniform_cloud  ,  1000,octree+skin         ,      9,               75980,                 126,        0
uniform_cloud  ,  1000,octree+skin         ,     10,               75980,                 120,        0
uniform_cloud  ,  1000,octree+skin         ,     11,               75980,                 116,        0
uniform_cloud  ,  1000,octree+skin         ,     12,               75980,                 111,        0
uniform_cloud  ,  1000,octree+skin         ,     13,               75980,                 110,        0
uniform_cloud  ,  1000,octree+skin         ,     14,               75980,                 107,        0
uniform_cloud  ,  1000,octree+skin         ,     15,               75980,                 105,        0
uniform_cloud  ,  1000,octree+skin         ,     16,               75980,                 105,        0
uniform_cloud  ,  1000,octree+skin         ,     17,               75980,                  93,        0
uniform_cloud  ,  1000,octree+skin         ,     18,               75980,                  95,        0
uniform_cloud  ,  1000,octree+skin         ,     19,               75980,                  90,        0
uniform_cloud  ,  1000,octree+skin         ,     20,               75980,                  83,        0
uniform_cloud  ,  1000,octree+skin         ,     21,               75980,                  83,        0
uniform_cloud  ,  1000,octree+skin         ,     22,               75980,                  78,        0
uniform_cloud  ,  1000,octree+skin         ,     23,               75980,                  73,        0
uniform_cloud  ,  1000,octree+skin         ,     24,               75980,                  72,        0
uniform_cloud  ,  1000,octree+skin         ,     25,               75980,                  71,        0
uniform_cloud  ,  1000,octree+skin         ,     26,               75980,                  70,        0
uniform_cloud  ,  1000,octree+skin         ,     27,               75980,                  66,        0
uniform_cloud  ,  1000,octree+skin         ,     28,               75980,                  65,        0
uniform_cloud  ,  1000,octree+skin         ,     29,               75980,                  58,        0
uniform_cloud  ,  1000,octree+skin         ,     30,               75980,                  56,        0
uniform_cloud  ,  1000,octree+skin         ,     31,               75980,                  53,        0
uniform_cloud  ,  1000,octree+skin         ,     32,               75980,                  53,        0
uniform_cloud  ,  1000,octree+skin         ,     33,               75980,                  47,        0
uniform_cloud  ,  1000,octree+skin         ,     34,               75980,                  46,        0
uniform_cloud  ,  1000,octree+skin         ,     35,               75980,                  42,        0
uniform_cloud  ,  1000,octree+skin         ,     36,               75980,                  41,        0
uniform_cloud  ,  1000,octree+skin         ,     37,               75980,                  41,        0
uniform_cloud  ,  1000,octree+skin         ,     38,               75980,                  42,        0
uniform_cloud  ,  1000,octree+skin         ,     39,               75980,                  38,        0
explosion      ,     0,brute_force         ,      0,             1999000,             1999000,        0
explosion      ,     0,brute_force         ,      1,             1999000,             1999000,        0
explosion      ,     0,brute_force         ,      2,             1999000,             1999000,        0
explosion      ,     0,brute_force         ,      3,             1999000,             1999000,        0
explosion      ,     0,brute_force         ,      4,             1999000,             1999000,        0
explosion      ,     0,brute_force         ,      5,             1999000,             1999000,        0
explosion      ,     0,brute_force         ,      6,             1999000,             1999000,        0
explosion      ,     0,brute_force         ,      7,             1999000,             1999000,        0
explosion      ,     0,brute_force         ,      8,             1999000,             1999000,        0
explosion      ,     0,brute_force         ,      9,             1999000,             1999000,        0
explosion      ,     0,brute_force         ,     10,             1999000,             1999000,        0
explosion      ,     0,brute_force         ,     11,             1999000,             1999000,        0
explosion      ,     0,brute_force         ,     12,             1999000,             1999000,        0
explosion      ,     0,brute_force         ,     13,             1999000,             1999000,        0
explosion      ,     0,brute_force         ,     14,             1999000,             1999000,        0
explosion      ,     0,brute_force         ,     15,             1999000,             1999000,        0
explosion      ,     0,brute_force         ,     16,             1999000,             1999000,        0
explosion      ,     0,brute_force         ,     17,             1999000,             1999000,        0
explosion      ,     0,brute_force         ,     18,             1999000,             1999000,        0
explosion      ,     0,brute_force         ,     19,             1999000,             1999000,        0
explosion      ,     0,brute_force         ,     20,             1999000,             1999000,        0
explosion      ,     0,brute_force         ,     21,             1999000,             1999000,        0
explosion      ,     0,brute_force         ,     22,             1999000,             1999000,        0
explosion      ,     0,brute_force         ,     23,             1999000,             1999000,        0
explosion      ,     0,brute_force         ,     24,             1999000,             1999000,        0
explosion      ,     0,brute_force         ,     25,             1999000,             1999000,        0
explosion      ,     0,brute_force         ,     26,             1999000,             1999000,        0
explosion      ,     0,brute_force         ,     27,             1999000,             1999000,        0
explosion      ,     0,brute_force         ,     28,             1999000,             1999000,        0
explosion      ,     0,brute_force         ,     29,             1999000,             1999000,        0
explosion      ,     0,brute_force         ,     30,             1999000,             1999000,        0
explosion      ,     0,brute_force         ,     31,             1999000,             1999000,        0
explosion      ,     0,brute_force         ,     32,             1999000,             1999000,        0
explosion      ,     0,brute_force         ,     33,             1999000,             1999000,        0
explosion      ,     0,brute_force         ,     34,             1999000,             1999000,        0
explosion      ,     0,brute_force         ,     35,             1999000,             1999000,        0
explosion      ,     0,brute_force         ,     36,             1999000,             1999000,        0
explosion      ,     0,brute_force         ,     37,             1999000,             1999000,        0
explosion      ,     0,brute_force         ,     38,             1999000,             1999000,        0
explosion      ,     0,brute_force         ,     39,             1999000,             1999000,        0
explosion      ,     0,uniform_grid        ,      0,             1999000,             1999000,        1
explosion      ,     0,uniform_grid        ,      1,             1999000,             1999000,        1
explosion      ,     0,uniform_grid        ,      2,             1999000,             1999000,        1
explosion      ,     0,uniform_grid        ,      3,             1999000,             1999000,        1
explosion      ,     0,uniform_grid        ,      4,             1999000,             1999000,        1
explosion      ,     0,uniform_grid        ,      5,             1999000,             1999000,        1
explosion      ,     0,uniform_grid        ,      6,             1999000,             1999000,        1
explosion      ,     0,uniform_grid        ,      7,             1999000,             1999000,        1
explosion      ,     0,uniform_grid        ,      8,             1999000,             1999000,        1
explosion      ,     0,uniform_grid        ,      9,             1999000,             1999000,        1
explosion      ,     0,uniform_grid        ,     10,             1999000,             1999000,        1
explosion      ,     0,uniform_grid        ,     11,             1999000,             1999000,        1
explosion      ,     0,uniform_grid        ,     12,             1999000,             1999000,        1
explosion      ,     0,uniform_grid        ,     13,             1999000,             1999000,        1
explosion      ,     0,uniform_grid        ,     14,             1999000,             1999000,        1
explosion      ,     0,uniform_grid        ,     15,             1999000,             1999000,        1
explosion      ,     0,uniform_grid        ,     16,             1999000,             1999000,        1
explosion      ,     0,uniform_grid        ,     17,             1999000,             1999000,        1
explosion      ,     0,uniform_grid        ,     18,             1999000,             1999000,        1
explosion      ,     0,uniform_grid        ,     19,             1999000,             1999000,        1
explosion      ,     0,uniform_grid        ,     20,             1999000,             1999000,        1
explosion      ,     0,uniform_grid        ,     21,             1999000,             1999000,        1
explosion      ,     0,uniform_grid        ,     22,             1999000,             1999000,        1
explosion      ,     0,uniform_grid        ,     23,             1999000,             1999000,        1
explosion      ,     0,uniform_grid        ,     24,             1999000,             1999000,        1
explosion      ,     0,uniform_grid        ,     25,             1999000,             1999000,        1
explosion      ,     0,uniform_grid        ,     26,             1999000,             1999000,        1
explosion      ,     0,uniform_grid        ,     27,             1999000,             1999000,        1
explosion      ,     0,uniform_grid        ,     28,             1999000,             1999000,        1
explosion      ,     0,uniform_grid        ,     29,             1999000,             1999000,        1
explosion      ,     0,uniform_grid        ,     30,             1999000,             1999000,        1
explosion      ,     0,uniform_grid        ,     31,             1999000,             1999000,        1
explosion      ,     0,uniform_grid        ,     32,             1999000,             1999000,        1
explosion      ,     0,uniform_grid        ,     33,             1999000,             1999000,        1
explosion      ,     0,uniform_grid        ,     34,             1999000,             1999000,        1
explosion      ,     0,uniform_grid        ,     35,             1999000,             1999000,        1
explosion      ,     0,uniform_grid        ,     36,             1999000,             1999000,        1
explosion      ,     0,uniform_grid        ,     37,             1999000,             1999000,        1
explosion      ,     0,uniform_grid        ,     38,             1999000,             1999000,        1
explosion      ,     0,uniform_grid        ,     39,             1999000,             1999000,        1
explosion      ,     0,uniform_grid+skin   ,      0,             1999000,             1999000,        1
explosion      ,     0,uniform_grid+skin   ,      1,             1999000,             1999000,        1
explosion      ,     0,uniform_grid+skin   ,      2,             1999000,             1999000,        1
explosion      ,     0,uniform_grid+skin   ,      3,             1999000,             1999000,        1
explosion      ,     0,uniform_grid+skin   ,      4,             1999000,             1999000,        1
explosion      ,     0,uniform_grid+skin   ,      5,             1999000,             1999000,        1
explosion      ,     0,uniform_grid+skin   ,      6,             1999000,             1999000,        1
explosion      ,     0,uniform_grid+skin   ,      7,             1999000,             1999000,        1
explosion      ,     0,uniform_grid+skin   ,      8,             1999000,             1999000,        1
explosion      ,     0,uniform_grid+skin   ,      9,             1999000,             1999000,        1
explosion      ,     0,uniform_grid+skin   ,     10,             1999000,             1999000,        1
explosion      ,     0,uniform_grid+skin   ,     11,             1999000,             1999000,        1
explosion      ,     0,uniform_grid+skin   ,     12,             1999000,             1999000,        1
explosion      ,     0,uniform_grid+skin   ,     13,             1999000,             1999000,        1
explosion      ,     0,uniform_grid+skin   ,     14,             1999000,             1999000,        1
explosion      ,     0,uniform_grid+skin   ,     15,             1999000,             1999000,        1
explosion      ,     0,uniform_grid+skin   ,     16,             1999000,             1999000,        1
explosion      ,     0,uniform_grid+skin   ,     17,             1999000,             1999000,        1
explosion      ,     0,uniform_grid+skin   ,     18,             1999000,             1999000,        1
explosion      ,     0,uniform_grid+skin   ,     19,             1999000,             1999000,        1
explosion      ,     0,uniform_grid+skin   ,     20,             1999000,             1999000,        1
explosion      ,     0,uniform_grid+skin   ,     21,             1999000,             1999000,        1
explosion      ,     0,uniform_grid+skin   ,     22,             1999000,             1999000,        1
explosion      ,     0,uniform_grid+skin   ,     23,             1999000,             1999000,        1
explosion      ,     0,uniform_grid+skin   ,     24,             1999000,             1999000,        1
explosion      ,     0,uniform_grid+skin   ,     25,             1999000,             1999000,        1
explosion      ,     0,uniform_grid+skin   ,     26,             1999000,             1999000,        1
explosion      ,     0,uniform_grid+skin   ,     27,             1999000,             1999000,        1
explosion      ,     0,uniform_grid+skin   ,     28,             1999000,             1999000,        1
explosion      ,     0,uniform_grid+skin   ,     29,             1999000,             1999000,        1
explosion      ,     0,uniform_grid+skin   ,     30,             1999000,             1999000,        1
explosion      ,     0,uniform_grid+skin   ,     31,             1999000,             1999000,        1
explosion      ,     0,uniform_grid+skin   ,     32,             1999000,             1999000,        1
explosion      ,     0,uniform_grid+skin   ,     33,             1999000,             1999000,        1
explosion      ,     0,uniform_grid+skin   ,     34,             1999000,             1999000,        1
explosion      ,     0,uniform_grid+skin   ,     35,             1999000,             1999000,        1
explosion      ,     0,uniform_grid+skin   ,     36,             1999000,             1999000,        1
explosion      ,     0,uniform_grid+skin   ,     37,             1999000,             1999000,        1
explosion      ,     0,uniform_grid+skin   ,     38,             1999000,             1999000,        1
explosion      ,     0,uniform_grid+skin   ,     39,             1999000,             1999000,        1
explosion      ,     0,octree              ,      0,             1999000,             1999000,        1
explosion      ,     0,octree              ,      1,             1999000,             1999000,        1
explosion      ,     0,octree              ,      2,             1999000,             1999000,        1
explosion      ,     0,octree              ,      3,             1999000,             1999000,        1
explosion      ,     0,octree              ,      4,             1999000,             1999000,        1
explosion      ,     0,octree              ,      5,             1999000,             1999000,        1
explosion      ,     0,octree              ,      6,             1999000,             1999000,        1
explosion      ,     0,octree              ,      7,             1999000,             1999000,        1
explosion      ,     0,octree              ,      8,             1999000,             1999000,        1
explosion      ,     0,octree              ,      9,             1999000,             1999000,        1
explosion      ,     0,octree              ,     10,             1999000,             1999000,        1
explosion      ,     0,octree              ,     11,             1999000,             1999000,        1
explosion      ,     0,octree              ,     12,             1999000,             1999000,        1
explosion      ,     0,octree              ,     13,             1999000,             1999000,        1
explosion      ,     0,octree              ,     14,             1999000,             1999000,        1
explosion      ,     0,octree              ,     15,             1999000,             1999000,        1
explosion      ,     0,octree              ,     16,             1999000,             1999000,        1
explosion      ,     0,octree              ,     17,             1999000,             1999000,        1
explosion      ,     0,octree              ,     18,             1999000,             1999000,        1
explosion      ,     0,octree              ,     19,             1999000,             1999000,        1
explosion      ,     0,octree              ,     20,             1999000,             1999000,        1
explosion      ,     0,octree              ,     21,             1999000,             1999000,        1
explosion      ,     0,octree              ,     22,             1999000,             1999000,        1
explosion      ,     0,octree              ,     23,             1999000,             1999000,        1
explosion      ,     0,octree              ,     24,             1999000,             1999000,        1
explosion      ,     0,octree              ,     25,             1999000,             1999000,        1
explosion      ,     0,octree              ,     26,             1999000,             1999000,        1
explosion      ,     0,octree              ,     27,             1999000,             1999000,        1
explosion      ,     0,octree              ,     28,             1999000,             1999000,        1
explosion      ,     0,octree              ,     29,             1999000,             1999000,        1
explosion      ,     0,octree              ,     30,             1999000,             1999000,        1
explosion      ,     0,octree              ,     31,             1999000,             1999000,        1
explosion      ,     0,octree              ,     32,             1999000,             1999000,        1
explosion      ,     0,octree              ,     33,             1999000,             1999000,        1
explosion      ,     0,octree              ,     34,             1999000,             1999000,        1
explosion      ,     0,octree              ,     35,             1999000,             1999000,        1
explosion      ,     0,octree              ,     36,             1999000,             1999000,        1
explosion      ,     0,octree              ,     37,             1999000,             1999000,        1
explosion      ,     0,octree              ,     38,             1999000,             1999000,        1
explosion      ,     0,octree              ,     39,             1999000,             1999000,        1
explosion      ,     0,octree+skin         ,      0,             1999000,             1999000,        1
explosion      ,     0,octree+skin         ,      1,             1999000,             1999000,        1
explosion      ,     0,octree+skin         ,      2,             1999000,             1999000,        1
explosion      ,     0,octree+skin         ,      3,             1999000,             1999000,        1
explosion      ,     0,octree+skin         ,      4,             1999000,             1999000,        1
explosion      ,     0,octree+skin         ,      5,             1999000,             1999000,        1
explosion      ,     0,octree+skin         ,      6,             1999000,             1999000,        1
explosion      ,     0,octree+skin         ,      7,             1999000,             1999000,        1
explosion      ,     0,octree+skin         ,      8,             1999000,             1999000,        1
explosion      ,     0,octree+skin         ,      9,             1999000,             1999000,        1
explosion      ,     0,octree+skin         ,     10,             1999000,             1999000,        1
explosion      ,     0,octree+skin         ,     11,             1999000,             1999000,        1
explosion      ,     0,octree+skin         ,     12,             1999000,             1999000,        1
explosion      ,     0,octree+skin         ,     13,             1999000,             1999000,        1
explosion      ,     0,octree+skin         ,     14,             1999000,             1999000,        1
explosion      ,     0,octree+skin         ,     15,             1999000,             1999000,        1
explosion      ,     0,octree+skin         ,     16,             1999000,             1999000,        1
explosion      ,     0,octree+skin         ,     17,             1999000,             1999000,        1
explosion      ,     0,octree+skin         ,     18,             1999000,             1999000,        1
explosion      ,     0,octree+skin         ,     19,             1999000,             1999000,        1
explosion      ,     0,octree+skin         ,     20,             1999000,             1999000,        1
explosion      ,     0,octree+skin         ,     21,             1999000,             1999000,        1
explosion      ,     0,octree+skin         ,     22,             1999000,             1999000,        1
explosion      ,     0,octree+skin         ,     23,             1999000,             1999000,        1
explosion      ,     0,octree+skin         ,     24,             1999000,             1999000,        1
explosion      ,     0,octree+skin         ,     25,             1999000,             1999000,        1
explosion      ,     0,octree+skin         ,     26,             1999000,             1999000,        1
explosion      ,     0,octree+skin         ,     27,             1999000,             1999000,        1
explosion      ,     0,octree+skin         ,     28,             1999000,             1999000,        1
explosion      ,     0,octree+skin         ,     29,             1999000,             1999000,        1
explosion      ,     0,octree+skin         ,     30,             1999000,             1999000,        1
explosion      ,     0,octree+skin         ,     31,             1999000,             1999000,        1
explosion      ,     0,octree+skin         ,     32,             1999000,             1999000,        1
explosion      ,     0,octree+skin         ,     33,             1999000,             1999000,        1
explosion      ,     0,octree+skin         ,     34,             1999000,             1999000,        1
explosion      ,     0,octree+skin         ,     35,             1999000,             1999000,        1
explosion      ,     0,octree+skin         ,     36,             1999000,             1999000,        1
explosion      ,     0,octree+skin         ,     37,             1999000,             1999000,        1
explosion      ,     0,octree+skin         ,     38,             1999000,             1999000,        1
explosion      ,     0,octree+skin         ,     39,             1999000,             1999000,        1
explosion      ,     1,brute_force         ,      0,             1999000,             1999000,        0
explosion      ,     1,brute_force         ,      1,             1999000,             1999000,        0
explosion      ,     1,brute_force         ,      2,             1999000,             1999000,        0
explosion      ,     1,brute_force         ,      3,             1999000,             1999000,        0
explosion      ,     1,brute_force         ,      4,             1999000,             1999000,        0
explosion      ,     1,brute_force         ,      5,             1999000,             1999000,        0
explosion      ,     1,brute_force         ,      6,             1999000,             1999000,        0
explosion      ,     1,brute_force         ,      7,             1999000,             1999000,        0
explosion      ,     1,brute_force         ,      8,             1999000,             1999000,        0
explosion      ,     1,brute_force         ,      9,             1999000,             1999000,        0
explosion      ,     1,brute_force         ,     10,             1999000,             1999000,        0
explosion      ,     1,brute_force         ,     11,             1999000,             1999000,        0
explosion      ,     1,brute_force         ,     12,             1999000,             1999000,        0
explosion      ,     1,brute_force         ,     13,             1999000,             1999000,        0
explosion      ,     1,brute_force         ,     14,             1999000,             1999000,        0
explosion      ,     1,brute_force         ,     15,             1999000,             1999000,        0
explosion      ,     1,brute_force         ,     16,             1999000,             1999000,        0
explosion      ,     1,brute_force         ,     17,             1999000,             1999000,        0
explosion      ,     1,brute_force         ,     18,             1999000,             1999000,        0
explosion      ,     1,brute_force         ,     19,             1999000,             1999000,        0
explosion      ,     1,brute_force         ,     20,             1999000,             1999000,        0
explosion      ,     1,brute_force         ,     21,             1999000,             1999000,        0
explosion      ,     1,brute_force         ,     22,             1999000,             1999000,        0
explosion      ,     1,brute_force         ,     23,             1999000,             1999000,        0
explosion      ,     1,brute_force         ,     24,             1999000,             1999000,        0
explosion      ,     1,brute_force         ,     25,             1999000,             1999000,        0
explosion      ,     1,brute_force         ,     26,             1999000,             1999000,        0
explosion      ,     1,brute_force         ,     27,             1999000,             1999000,        0
explosion      ,     1,brute_force         ,     28,             1999000,             1999000,        0
explosion      ,     1,brute_force         ,     29,             1999000,             1999000,        0
explosion      ,     1,brute_force         ,     30,             1999000,             1999000,        0
explosion      ,     1,brute_force         ,     31,             1999000,             1999000,        0
explosion      ,     1,brute_force         ,     32,             1999000,             1999000,        0
explosion      ,     1,brute_force         ,     33,             1999000,             1999000,        0
explosion      ,     1,brute_force         ,     34,             1999000,             1999000,        0
explosion      ,     1,brute_force         ,     35,             1999000,             1999000,        0
explosion      ,     1,brute_force         ,     36,             1999000,             1999000,        0
explosion      ,     1,brute_force         ,     37,             1999000,             1999000,        0
explosion      ,     1,brute_force         ,     38,             1999000,             1999000,        0
explosion      ,     1,brute_force         ,     39,             1999000,             1999000,        0
explosion      ,     1,uniform_grid        ,      0,             1999000,             1999000,        1
explosion      ,     1,uniform_grid        ,      1,             1999000,             1999000,        1
explosion      ,     1,uniform_grid        ,      2,             1999000,             1999000,        1
explosion      ,     1,uniform_grid        ,      3,             1999000,             1999000,        1
explosion      ,     1,uniform_grid        ,      4,             1999000,             1999000,        1
explosion      ,     1,uniform_grid        ,      5,             1999000,             1999000,        1
explosion      ,     1,uniform_grid        ,      6,             1999000,             1999000,        1
explosion      ,     1,uniform_grid        ,      7,             1999000,             1999000,        1
explosion      ,     1,uniform_grid        ,      8,             1999000,             1999000,        1
explosion      ,     1,uniform_grid        ,      9,             1999000,             1999000,        1
explosion      ,     1,uniform_grid        ,     10,             1999000,             1999000,        1
explosion      ,     1,uniform_grid        ,     11,             1999000,             1999000,        1
explosion      ,     1,uniform_grid        ,     12,             1999000,             1999000,        1
explosion      ,     1,uniform_grid        ,     13,             1999000,             1999000,        1
explosion      ,     1,uniform_grid        ,     14,             1999000,             1999000,        1
explosion      ,     1,uniform_grid        ,     15,             1999000,             1999000,        1
explosion      ,     1,uniform_grid        ,     16,             1999000,             1999000,        1
explosion      ,     1,uniform_grid        ,     17,             1999000,             1999000,        1
explosion      ,     1,uniform_grid        ,     18,             1999000,             1999000,        1
explosion      ,     1,uniform_grid        ,     19,             1999000,             1999000,        1
explosion      ,     1,uniform_grid        ,     20,             1999000,             1999000,        1
explosion      ,     1,uniform_grid        ,     21,             1999000,             1999000,        1
explosion      ,     1,uniform_grid        ,     22,             1999000,             1999000,        1
explosion      ,     1,uniform_grid        ,     23,             1999000,             1999000,        1
explosion      ,     1,uniform_grid        ,     24,             1999000,             1999000,        1
explosion      ,     1,uniform_grid        ,     25,             1999000,             1999000,        1
explosion      ,     1,uniform_grid        ,     26,             1999000,             1999000,        1
explosion      ,     1,uniform_grid        ,     27,             1999000,             1999000,        1
explosion      ,     1,uniform_grid        ,     28,             1999000,             1999000,        1
explosion      ,     1,uniform_grid        ,     29,             1999000,             1999000,        1
explosion      ,     1,uniform_grid        ,     30,             1999000,             1999000,        1
explosion      ,     1,uniform_grid        ,     31,             1999000,             1999000,        1
explosion      ,     1,uniform_grid        ,     32,             1999000,             1999000,        1
explosion      ,     1,uniform_grid        ,     33,             1999000,             1999000,        1
explosion      ,     1,uniform_grid        ,     34,             1999000,             1999000,        1
explosion      ,     1,uniform_grid        ,     35,             1999000,             1999000,        1
explosion      ,     1,uniform_grid        ,     36,             1999000,             1999000,        1
explosion      ,     1,uniform_grid        ,     37,             1999000,             1999000,        1
explosion      ,     1,uniform_grid        ,     38,             1999000,             1999000,        1
explosion      ,     1,uniform_grid        ,     39,             1999000,             1999000,        1
explosion      ,     1,uniform_grid+skin   ,      0,             1999000,             1999000,        1
explosion      ,     1,uniform_grid+skin   ,      1,             1999000,             1999000,        1
explosion      ,     1,uniform_grid+skin   ,      2,             1999000,             1999000,        1
explosion      ,     1,uniform_grid+skin   ,      3,             1999000,             1999000,        1
explosion      ,     1,uniform_grid+skin   ,      4,             1999000,             1999000,        1
explosion      ,     1,uniform_grid+skin   ,      5,             1999000,             1999000,        1
explosion      ,     1,uniform_grid+skin   ,      6,             1999000,             1999000,        1
explosion      ,     1,uniform_grid+skin   ,      7,             1999000,             1999000,        1
explosion      ,     1,uniform_grid+skin   ,      8,             1999000,             1999000,        1
explosion      ,     1,uniform_grid+skin   ,      9,             1999000,             1999000,        1
explosion      ,     1,uniform_grid+skin   ,     10,             1999000,             1999000,        1
explosion      ,     1,uniform_grid+skin   ,     11,             1999000,             1999000,        1
explosion      ,     1,uniform_grid+skin   ,     12,             1999000,             1999000,        1
explosion      ,     1,uniform_grid+skin   ,     13,             1999000,             1999000,        1
explosion      ,     1,uniform_grid+skin   ,     14,             1999000,             1999000,        1
explosion      ,     1,uniform_grid+skin   ,     15,             1999000,             1999000,        1
explosion      ,     1,uniform_grid+skin   ,     16,             1999000,             1999000,        1
explosion      ,     1,uniform_grid+skin   ,     17,             1999000,             1999000,        1
explosion      ,     1,uniform_grid+skin   ,     18,             1999000,             1999000,        1
explosion      ,     1,uniform_grid+skin   ,     19,             1999000,             1999000,        1
explosion      ,     1,uniform_grid+skin   ,     20,             1999000,             1999000,        1
explosion      ,     1,uniform_grid+skin   ,     21,             1999000,             1999000,        1
explosion      ,     1,uniform_grid+skin   ,     22,             1999000,             1999000,        1
explosion      ,     1,uniform_grid+skin   ,     23,             1999000,             1999000,        1
explosion      ,     1,uniform_grid+skin   ,     24,             1999000,             1999000,        1
explosion      ,     1,uniform_grid+skin   ,     25,             1999000,             1999000,        1
explosion      ,     1,uniform_grid+skin   ,     26,             1999000,             1999000,        1
explosion      ,     1,uniform_grid+skin   ,     27,             1999000,             1999000,        1
explosion      ,     1,uniform_grid+skin   ,     28,             1999000,             1999000,        1
explosion      ,     1,uniform_grid+skin   ,     29,             1999000,             1999000,        1
explosion      ,     1,uniform_grid+skin   ,     30,             1999000,             1999000,        1
explosion      ,     1,uniform_grid+skin   ,     31,             1999000,             1999000,        1
explosion      ,     1,uniform_grid+skin   ,     32,             1999000,             1999000,        1
explosion      ,     1,uniform_grid+skin   ,     33,             1999000,             1999000,        1
explosion      ,     1,uniform_grid+skin   ,     34,             1999000,             1999000,        1
explosion      ,     1,uniform_grid+skin   ,     35,             1999000,             1999000,        1
explosion      ,     1,uniform_grid+skin   ,     36,             1999000,             1999000,        1
explosion      ,     1,uniform_grid+skin   ,     37,             1999000,             1999000,        1
explosion      ,     1,uniform_grid+skin   ,     38,             1999000,             1999000,        1
explosion      ,     1,uniform_grid+skin   ,     39,             1999000,             1999000,        1
explosion      ,     1,octree              ,      0,             1999000,             1999000,        1
explosion      ,     1,octree              ,      1,             1999000,             1999000,        1
explosion      ,     1,octree              ,      2,             1999000,             1999000,        1
explosion      ,     1,octree              ,      3,             1999000,             1999000,        1
explosion      ,     1,octree              ,      4,             1999000,             1999000,        1
explosion      ,     1,octree              ,      5,             1999000,             1999000,        1
explosion      ,     1,octree              ,      6,             1999000,             1999000,        1
explosion      ,     1,octree              ,      7,             1999000,             1999000,        1
explosion      ,     1,octree              ,      8,             1999000,             1999000,        1
explosion      ,     1,octree              ,      9,             1999000,             1999000,        1
explosion      ,     1,octree              ,     10,             1999000,             1999000,        1
explosion      ,     1,octree              ,     11,             1999000,             1999000,        1
explosion      ,     1,octree              ,     12,             1999000,             1999000,        1
explosion      ,     1,octree              ,     13,             1999000,             1999000,        1
explosion      ,     1,octree              ,     14,             1999000,             1999000,        1
explosion      ,     1,octree              ,     15,             1999000,             1999000,        1
explosion      ,     1,octree              ,     16,             1999000,             1999000,        1
explosion      ,     1,octree              ,     17,             1999000,             1999000,        1
explosion      ,     1,octree              ,     18,             1999000,             1999000,        1
explosion      ,     1,octree              ,     19,             1999000,             1999000,        1
explosion      ,     1,octree              ,     20,             1999000,             1999000,        1
explosion      ,     1,octree              ,     21,             1999000,             1999000,        1
explosion      ,     1,octree              ,     22,             1999000,             1999000,        1
explosion      ,     1,octree              ,     23,             1999000,             1999000,        1
explosion      ,     1,octree              ,     24,             1999000,             1999000,        1
explosion      ,     1,octree              ,     25,             1999000,             1999000,        1
explosion      ,     1,octree              ,     26,             1999000,             1999000,        1
explosion      ,     1,octree              ,     27,             1999000,             1999000,        1
explosion      ,     1,octree              ,     28,             1999000,             1999000,        1
explosion      ,     1,octree              ,     29,             1999000,             1999000,        1
explosion      ,     1,octree              ,     30,             1999000,             1999000,        1
explosion      ,     1,octree              ,     31,             1999000,             1999000,        1
explosion      ,     1,octree              ,     32,             1999000,             1999000,        1
explosion      ,     1,octree              ,     33,             1999000,             1999000,        1
explosion      ,     1,octree              ,     34,             1999000,             1999000,        1
explosion      ,     1,octree              ,     35,             1999000,             1999000,        1
explosion      ,     1,octree              ,     36,             1999000,             1999000,        1
explosion      ,     1,octree              ,     37,             1999000,             1999000,        1
explosion      ,     1,octree              ,     38,             1999000,             1999000,        1
explosion      ,     1,octree              ,     39,             1999000,             1999000,        1
explosion      ,     1,octree+skin         ,      0,             1999000,             1999000,        1
explosion      ,     1,octree+skin         ,      1,             1999000,             1999000,        1
explosion      ,     1,octree+skin         ,      2,             1999000,             1999000,        1
explosion      ,     1,octree+skin         ,      3,             1999000,             1999000,        1
explosion      ,     1,octree+skin         ,      4,             1999000,             1999000,        1
explosion      ,     1,octree+skin         ,      5,             1999000,             1999000,        1
explosion      ,     1,octree+skin         ,      6,             1999000,             1999000,        1
explosion      ,     1,octree+skin         ,      7,             1999000,             1999000,        1
explosion      ,     1,octree+skin         ,      8,             1999000,             1999000,        1
explosion      ,     1,octree+skin         ,      9,             1999000,             1999000,        1
explosion      ,     1,octree+skin         ,     10,             1999000,             1999000,        1
explosion      ,     1,octree+skin         ,     11,             1999000,             1999000,        1
explosion      ,     1,octree+skin         ,     12,             1999000,             1999000,        1
explosion      ,     1,octree+skin         ,     13,             1999000,             1999000,        1
explosion      ,     1,octree+skin         ,     14,             1999000,             1999000,        1
explosion      ,     1,octree+skin         ,     15,             1999000,             1999000,        1
explosion      ,     1,octree+skin         ,     16,             1999000,             1999000,        1
explosion      ,     1,octree+skin         ,     17,             1999000,             1999000,        1
explosion      ,     1,octree+skin         ,     18,             1999000,             1999000,        1
explosion      ,     1,octree+skin         ,     19,             1999000,             1999000,        1
explosion      ,     1,octree+skin         ,     20,             1999000,             1999000,        1
explosion      ,     1,octree+skin         ,     21,             1999000,             1999000,        1
explosion      ,     1,octree+skin         ,     22,             1999000,             1999000,        1
explosion      ,     1,octree+skin         ,     23,             1999000,             1999000,        1
explosion      ,     1,octree+skin         ,     24,             1999000,             1999000,        1
explosion      ,     1,octree+skin         ,     25,             1999000,             1999000,        1
explosion      ,     1,octree+skin         ,     26,             1999000,             1999000,        1
explosion      ,     1,octree+skin         ,     27,             1999000,             1999000,        1
explosion      ,     1,octree+skin         ,     28,             1999000,             1999000,        1
explosion      ,     1,octree+skin         ,     29,             1999000,             1999000,        1
explosion      ,     1,octree+skin         ,     30,             1999000,             1999000,        1
explosion      ,     1,octree+skin         ,     31,             1999000,             1999000,        1
explosion      ,     1,octree+skin         ,     32,             1999000,             1999000,        1
explosion      ,     1,octree+skin         ,     33,             1999000,             1999000,        1
explosion      ,     1,octree+skin         ,     34,             1999000,             1999000,        1
explosion      ,     1,octree+skin         ,     35,             1999000,             1999000,        1
explosion      ,     1,octree+skin         ,     36,             1999000,             1999000,        1
explosion      ,     1,octree+skin         ,     37,             1999000,             1999000,        1
explosion      ,     1,octree+skin         ,     38,             1999000,             1999000,        1
explosion      ,     1,octree+skin         ,     39,             1999000,             1999000,        1
explosion      ,     2,brute_force         ,      0,             1999000,             1999000,        0
explosion      ,     2,brute_force         ,      1,             1999000,             1999000,        0
explosion      ,     2,brute_force         ,      2,             1999000,             1999000,        0
explosion      ,     2,brute_force         ,      3,             1999000,             1999000,        0
explosion      ,     2,brute_force         ,      4,             1999000,             1999000,        0
explosion      ,     2,brute_force         ,      5,             1999000,             1999000,        0
explosion      ,     2,brute_force         ,      6,             1999000,             1999000,        0
explosion      ,     2,brute_force         ,      7,             1999000,             1999000,        0
explosion      ,     2,brute_force         ,      8,             1999000,             1999000,        0
explosion      ,     2,brute_force         ,      9,             1999000,             1999000,        0
explosion      ,     2,brute_force         ,     10,             1999000,             1999000,        0
explosion      ,     2,brute_force         ,     11,             1999000,             1999000,        0
explosion      ,     2,brute_force         ,     12,             1999000,             1999000,        0
explosion      ,     2,brute_force         ,     13,             1999000,             1999000,        0
explosion      ,     2,brute_force         ,     14,             1999000,             1999000,        0
explosion      ,     2,brute_force         ,     15,             1999000,             1999000,        0
explosion      ,     2,brute_force         ,     16,             1999000,             1999000,        0
explosion      ,     2,brute_force         ,     17,             1999000,             1999000,        0
explosion      ,     2,brute_force         ,     18,             1999000,             1999000,        0
explosion      ,     2,brute_force         ,     19,             1999000,             1999000,        0
explosion      ,     2,brute_force         ,     20,             1999000,             1999000,        0
explosion      ,     2,brute_force         ,     21,             1999000,             1999000,        0
explosion      ,     2,brute_force         ,     22,             1999000,             1999000,        0
explosion      ,     2,brute_force         ,     23,             1999000,             1999000,        0
explosion      ,     2,brute_force         ,     24,             1999000,             1999000,        0
explosion      ,     2,brute_force         ,     25,             1999000,             1999000,        0
explosion      ,     2,brute_force         ,     26,             1999000,             1999000,        0
explosion      ,     2,brute_force         ,     27,             1999000,             1999000,        0
explosion      ,     2,brute_force         ,     28,             1999000,             1999000,        0
explosion      ,     2,brute_force         ,     29,             1999000,             1999000,        0
explosion      ,     2,brute_force         ,     30,             1999000,             1999000,        0
explosion      ,     2,brute_force         ,     31,             1999000,             1999000,        0
explosion      ,     2,brute_force         ,     32,             1999000,             1999000,        0
explosion      ,     2,brute_force         ,     33,             1999000,             1999000,        0
explosion      ,     2,brute_force         ,     34,             1999000,             1999000,        0
explosion      ,     2,brute_force         ,     35,             1999000,             1999000,        0
explosion      ,     2,brute_force         ,     36,             1999000,             1999000,        0
explosion      ,     2,brute_force         ,     37,             1999000,             1999000,        0
explosion      ,     2,brute_force         ,     38,             1999000,             1999000,        0
explosion      ,     2,brute_force         ,     39,             1999000,             1999000,        0
explosion      ,     2,uniform_grid        ,      0,             1999000,             1999000,        1
explosion      ,     2,uniform_grid        ,      1,             1999000,             1999000,        1
explosion      ,     2,uniform_grid        ,      2,             1999000,             1999000,        1
explosion      ,     2,uniform_grid        ,      3,             1999000,             1999000,        1
explosion      ,     2,uniform_grid        ,      4,             1999000,             1999000,        1
explosion      ,     2,uniform_grid        ,      5,             1999000,             1999000,        1
explosion      ,     2,uniform_grid        ,      6,             1999000,             1999000,        1
explosion      ,     2,uniform_grid        ,      7,             1999000,             1999000,        1
explosion      ,     2,uniform_grid        ,      8,             1999000,             1999000,        1
explosion      ,     2,uniform_grid        ,      9,             1999000,             1999000,        1
explosion      ,     2,uniform_grid        ,     10,             1999000,             1999000,        1
explosion      ,     2,uniform_grid        ,     11,             1999000,             1999000,        1
explosion      ,     2,uniform_grid        ,     12,             1999000,             1999000,        1
explosion      ,     2,uniform_grid        ,     13,             1999000,             1999000,        1
explosion      ,     2,uniform_grid        ,     14,             1999000,             1999000,        1
explosion      ,     2,uniform_grid        ,     15,             1999000,             1999000,        1
explosion      ,     2,uniform_grid        ,     16,             1999000,             1999000,        1
explosion      ,     2,uniform_grid        ,     17,             1999000,             1999000,        1
explosion      ,     2,uniform_grid        ,     18,             1999000,             1999000,        1
explosion      ,     2,uniform_grid        ,     19,             1999000,             1999000,        1
explosion      ,     2,uniform_grid        ,     20,             1999000,             1999000,        1
explosion      ,     2,uniform_grid        ,     21,             1999000,             1999000,        1
explosion      ,     2,uniform_grid        ,     22,             1999000,             1999000,        1
explosion      ,     2,uniform_grid        ,     23,             1999000,             1999000,        1
explosion      ,     2,uniform_grid        ,     24,             1999000,             1999000,        1
explosion      ,     2,uniform_grid        ,     25,             1999000,             1999000,        1
explosion      ,     2,uniform_grid        ,     26,             1999000,             1999000,        1
explosion      ,     2,uniform_grid        ,     27,             1999000,             1999000,        1
explosion      ,     2,uniform_grid        ,     28,             1999000,             1999000,        1
explosion      ,     2,uniform_grid        ,     29,             1999000,             1999000,        1
explosion      ,     2,uniform_grid        ,     30,             1999000,             1999000,        1
explosion      ,     2,uniform_grid        ,     31,             1999000,             1999000,        1
explosion      ,     2,uniform_grid        ,     32,             1999000,             1999000,        1
explosion      ,     2,uniform_grid        ,     33,             1999000,             1999000,        1
explosion      ,     2,uniform_grid        ,     34,             1999000,             1999000,        1
explosion      ,     2,uniform_grid        ,     35,             1999000,             1999000,        1
explosion      ,     2,uniform_grid        ,     36,             1999000,             1999000,        1
explosion      ,     2,uniform_grid        ,     37,             1999000,             1999000,        1
explosion      ,     2,uniform_grid        ,     38,             1999000,             1999000,        1
explosion      ,     2,uniform_grid        ,     39,             1999000,             1999000,        1
explosion      ,     2,uniform_grid+skin   ,      0,             1999000,             1999000,        1
explosion      ,     2,uniform_grid+skin   ,      1,             1999000,             1999000,        0
explosion      ,     2,uniform_grid+skin   ,      2,             1999000,             1999000,        1
explosion      ,     2,uniform_grid+skin   ,      3,             1999000,             1999000,        0
explosion      ,     2,uniform_grid+skin   ,      4,             1999000,             1999000,        1
explosion      ,     2,uniform_grid+skin   ,      5,             1999000,             1999000,        0
explosion      ,     2,uniform_grid+skin   ,      6,             1999000,             1999000,        1
explosion      ,     2,uniform_grid+skin   ,      7,             1999000,             1999000,        0
explosion      ,     2,uniform_grid+skin   ,      8,             1999000,             1999000,        1
explosion      ,     2,uniform_grid+skin   ,      9,             1999000,             1999000,        0
explosion      ,     2,uniform_grid+skin   ,     10,             1999000,             1999000,        1
explosion      ,     2,uniform_grid+skin   ,     11,             1999000,             1999000,        0
explosion      ,     2,uniform_grid+skin   ,     12,             1999000,             1999000,        1
explosion      ,     2,uniform_grid+skin   ,     13,             1999000,             1999000,        0
explosion      ,     2,uniform_grid+skin   ,     14,             1999000,             1999000,        1
explosion      ,     2,uniform_grid+skin   ,     15,             1999000,             1999000,        0
explosion      ,     2,uniform_grid+skin   ,     16,             1999000,             1999000,        1
explosion      ,     2,uniform_grid+skin   ,     17,             1999000,             1999000,        0
explosion      ,     2,uniform_grid+skin   ,     18,             1999000,             1999000,        1
explosion      ,     2,uniform_grid+skin   ,     19,             1999000,             1999000,        0
explosion      ,     2,uniform_grid+skin   ,     20,             1999000,             1999000,        1
explosion      ,     2,uniform_grid+skin   ,     21,             1999000,             1999000,        0
explosion      ,     2,uniform_grid+skin   ,     22,             1999000,             1999000,        1
explosion      ,     2,uniform_grid+skin   ,     23,             1999000,             1999000,        0
explosion      ,     2,uniform_grid+skin   ,     24,             1999000,             1999000,        1
explosion      ,     2,uniform_grid+skin   ,     25,             1999000,             1999000,        0
explosion      ,     2,uniform_grid+skin   ,     26,             1999000,             1999000,        1
explosion      ,     2,uniform_grid+skin   ,     27,             1999000,             1999000,        0
explosion      ,     2,uniform_grid+skin   ,     28,             1999000,             1999000,        1
explosion      ,     2,uniform_grid+skin   ,     29,             1999000,             1999000,        0
explosion      ,     2,uniform_grid+skin   ,     30,             1999000,             1999000,        1
explosion      ,     2,uniform_grid+skin   ,     31,             1999000,             1999000,        0
explosion      ,     2,uniform_grid+skin   ,     32,             1999000,             1999000,        1
explosion      ,     2,uniform_grid+skin   ,     33,             1999000,             1999000,        0
explosion      ,     2,uniform_grid+skin   ,     34,             1999000,             1999000,        1
explosion      ,     2,uniform_grid+skin   ,     35,             1999000,             1999000,        0
explosion      ,     2,uniform_grid+skin   ,     36,             1999000,             1999000,        1
explosion      ,     2,uniform_grid+skin   ,     37,             1999000,             1999000,        0
explosion      ,     2,uniform_grid+skin   ,     38,             1999000,             1999000,        1
explosion      ,     2,uniform_grid+skin   ,     39,             1999000,             1999000,        0
explosion      ,     2,octree              ,      0,             1999000,             1999000,        1
explosion      ,     2,octree              ,      1,             1999000,             1999000,        1
explosion      ,     2,octree              ,      2,             1999000,             1999000,        1
explosion      ,     2,octree              ,      3,             1999000,             1999000,        1
explosion      ,     2,octree              ,      4,             1999000,             1999000,        1
explosion      ,     2,octree              ,      5,             1999000,             1999000,        1
explosion      ,     2,octree              ,      6,             1999000,             1999000,        1
explosion      ,     2,octree              ,      7,             1999000,             1999000,        1
explosion      ,     2,octree              ,      8,             1999000,             1999000,        1
explosion      ,     2,octree              ,      9,             1999000,             1999000,        1
explosion      ,     2,octree              ,     10,             1999000,             1999000,        1
explosion      ,     2,octree              ,     11,             1999000,             1999000,        1
explosion      ,     2,octree              ,     12,             1999000,             1999000,        1
explosion      ,     2,octree              ,     13,             1999000,             1999000,        1
explosion      ,     2,octree              ,     14,             1999000,             1999000,        1
explosion      ,     2,octree              ,     15,             1999000,             1999000,        1
explosion      ,     2,octree              ,     16,             1999000,             1999000,        1
explosion      ,     2,octree              ,     17,             1999000,             1999000,        1
explosion      ,     2,octree              ,     18,             1999000,             1999000,        1
explosion      ,     2,octree              ,     19,             1999000,             1999000,        1
explosion      ,     2,octree              ,     20,             1999000,             1999000,        1
explosion      ,     2,octree              ,     21,             1999000,             1999000,        1
explosion      ,     2,octree              ,     22,             1999000,             1999000,        1
explosion      ,     2,octree              ,     23,             1999000,             1999000,        1
explosion      ,     2,octree              ,     24,             1999000,             1999000,        1
explosion      ,     2,octree              ,     25,             1999000,             1999000,        1
explosion      ,     2,octree              ,     26,             1999000,             1999000,        1
explosion      ,     2,octree              ,     27,             1999000,             1999000,        1
explosion      ,     2,octree              ,     28,             1999000,             1999000,        1
explosion      ,     2,octree              ,     29,             1999000,             1999000,        1
explosion      ,     2,octree              ,     30,             1999000,             1999000,        1
explosion      ,     2,octree              ,     31,             1999000,             1999000,        1
explosion      ,     2,octree              ,     32,             1999000,             1999000,        1
explosion      ,     2,octree              ,     33,             1999000,             1999000,        1
explosion      ,     2,octree              ,     34,             1999000,             1999000,        1
explosion      ,     2,octree              ,     35,             1999000,             1999000,        1
explosion      ,     2,octree              ,     36,             1999000,             1999000,        1
explosion      ,     2,octree              ,     37,             1999000,             1999000,        1
explosion      ,     2,octree              ,     38,             1999000,             1999000,        1
explosion      ,     2,octree              ,     39,             1999000,             1999000,        1
explosion      ,     2,octree+skin         ,      0,             1999000,             1999000,        1
explosion      ,     2,octree+skin         ,      1,             1999000,             1999000,        0
explosion      ,     2,octree+skin         ,      2,             1999000,             1999000,        1
explosion      ,     2,octree+skin         ,      3,             1999000,             1999000,        0
explosion      ,     2,octree+skin         ,      4,             1999000,             1999000,        1
explosion      ,     2,octree+skin         ,      5,             1999000,             1999000,        0
explosion      ,     2,octree+skin         ,      6,             1999000,             1999000,        1
explosion      ,     2,octree+skin         ,      7,             1999000,             1999000,        0
explosion      ,     2,octree+skin         ,      8,             1999000,             1999000,        1
explosion      ,     2,octree+skin         ,      9,             1999000,             1999000,        0
explosion      ,     2,octree+skin         ,     10,             1999000,             1999000,        1
explosion      ,     2,octree+skin         ,     11,             1999000,             1999000,        0
explosion      ,     2,octree+skin         ,     12,             1999000,             1999000,        1
explosion      ,     2,octree+skin         ,     13,             1999000,             1999000,        0
explosion      ,     2,octree+skin         ,     14,             1999000,             1999000,        1
explosion      ,     2,octree+skin         ,     15,             1999000,             1999000,        0
explosion      ,     2,octree+skin         ,     16,             1999000,             1999000,        1
explosion      ,     2,octree+skin         ,     17,             1999000,             1999000,        0
explosion      ,     2,octree+skin         ,     18,             1999000,             1999000,        1
explosion      ,     2,octree+skin         ,     19,             1999000,             1999000,        0
explosion      ,     2,octree+skin         ,     20,             1999000,             1999000,        1
explosion      ,     2,octree+skin         ,     21,             1999000,             1999000,        0
explosion      ,     2,octree+skin         ,     22,             1999000,             1999000,        1
explosion      ,     2,octree+skin         ,     23,             1999000,             1999000,        0
explosion      ,     2,octree+skin         ,     24,             1999000,             1999000,        1
explosion      ,     2,octree+skin         ,     25,             1999000,             1999000,        0
explosion      ,     2,octree+skin         ,     26,             1999000,             1999000,        1
explosion      ,     2,octree+skin         ,     27,             1999000,             1999000,        0
explosion      ,     2,octree+skin         ,     28,             1999000,             1999000,        1
explosion      ,     2,octree+skin         ,     29,             1999000,             1999000,        0
explosion      ,     2,octree+skin         ,     30,             1999000,             1999000,        1
explosion      ,     2,octree+skin         ,     31,             1999000,             1999000,        0
explosion      ,     2,octree+skin         ,     32,             1999000,             1999000,        1
explosion      ,     2,octree+skin         ,     33,             1999000,             1999000,        0
explosion      ,     2,octree+skin         ,     34,             1999000,             1999000,        1
explosion      ,     2,octree+skin         ,     35,             1999000,             1999000,        0
explosion      ,     2,octree+skin         ,     36,             1999000,             1999000,        1
explosion      ,     2,octree+skin         ,     37,             1999000,             1999000,        0
explosion      ,     2,octree+skin         ,     38,             1999000,             1999000,        1
explosion      ,     2,octree+skin         ,     39,             1999000,             1999000,        0
explosion      ,     5,brute_force         ,      0,             1999000,             1999000,        0
explosion      ,     5,brute_force         ,      1,             1999000,             1999000,        0
explosion      ,     5,brute_force         ,      2,             1999000,             1999000,        0
explosion      ,     5,brute_force         ,      3,             1999000,             1999000,        0
explosion      ,     5,brute_force         ,      4,             1999000,             1999000,        0
explosion      ,     5,brute_force         ,      5,             1999000,             1999000,        0
explosion      ,     5,brute_force         ,      6,             1999000,             1999000,        0
explosion      ,     5,brute_force         ,      7,             1999000,             1999000,        0
explosion      ,     5,brute_force         ,      8,             1999000,             1999000,        0
explosion      ,     5,brute_force         ,      9,             1999000,             1999000,        0
explosion      ,     5,brute_force         ,     10,             1999000,             1999000,        0
explosion      ,     5,brute_force         ,     11,             1999000,             1999000,        0
explosion      ,     5,brute_force         ,     12,             1999000,             1999000,        0
explosion      ,     5,brute_force         ,     13,             1999000,             1999000,        0
explosion      ,     5,brute_force         ,     14,             1999000,             1999000,        0
explosion      ,     5,brute_force         ,     15,             1999000,             1999000,        0
explosion      ,     5,brute_force         ,     16,             1999000,             1999000,        0
explosion      ,     5,brute_force         ,     17,             1999000,             1999000,        0
explosion      ,     5,brute_force         ,     18,             1999000,             1999000,        0
explosion      ,     5,brute_force         ,     19,             1999000,             1999000,        0
explosion      ,     5,brute_force         ,     20,             1999000,             1999000,        0
explosion      ,     5,brute_force         ,     21,             1999000,             1999000,        0
explosion      ,     5,brute_force         ,     22,             1999000,             1999000,        0
explosion      ,     5,brute_force         ,     23,             1999000,             1999000,        0
explosion      ,     5,brute_force         ,     24,             1999000,             1999000,        0
explosion      ,     5,brute_force         ,     25,             1999000,             1999000,        0
explosion      ,     5,brute_force         ,     26,             1999000,             1999000,        0
explosion      ,     5,brute_force         ,     27,             1999000,             1999000,        0
explosion      ,     5,brute_force         ,     28,             1999000,             1999000,        0
explosion      ,     5,brute_force         ,     29,             1999000,             1999000,        0
explosion      ,     5,brute_force         ,     30,             1999000,             1999000,        0
explosion      ,     5,brute_force         ,     31,             1999000,             1999000,        0
explosion      ,     5,brute_force         ,     32,             1999000,             1999000,        0
explosion      ,     5,brute_force         ,     33,             1999000,             1999000,        0
explosion      ,     5,brute_force         ,     34,             1999000,             1999000,        0
explosion      ,     5,brute_force         ,     35,             1999000,             1999000,        0
explosion      ,     5,brute_force         ,     36,             1999000,             1999000,        0
explosion      ,     5,brute_force         ,     37,             1999000,             1999000,        0
explosion      ,     5,brute_force         ,     38,             1999000,             1999000,        0
explosion      ,     5,brute_force         ,     39,             1999000,             1999000,        0
explosion      ,     5,uniform_grid        ,      0,             1999000,             1999000,        1
explosion      ,     5,uniform_grid        ,      1,             1999000,             1999000,        1
explosion      ,     5,uniform_grid        ,      2,             1999000,             1999000,        1
explosion      ,     5,uniform_grid        ,      3,             1999000,             1999000,        1
explosion      ,     5,uniform_grid        ,      4,             1999000,             1999000,        1
explosion      ,     5,uniform_grid        ,      5,             1999000,             1999000,        1
explosion      ,     5,uniform_grid        ,      6,             1999000,             1999000,        1
explosion      ,     5,uniform_grid        ,      7,             1999000,             1999000,        1
explosion      ,     5,uniform_grid        ,      8,             1999000,             1999000,        1
explosion      ,     5,uniform_grid        ,      9,             1999000,             1999000,        1
explosion      ,     5,uniform_grid        ,     10,             1999000,             1999000,        1
explosion      ,     5,uniform_grid        ,     11,             1999000,             1999000,        1
explosion      ,     5,uniform_grid        ,     12,             1999000,             1999000,        1
explosion      ,     5,uniform_grid        ,     13,             1999000,             1999000,        1
explosion      ,     5,uniform_grid        ,     14,             1999000,             1999000,        1
explosion      ,     5,uniform_grid        ,     15,             1999000,             1999000,        1
explosion      ,     5,uniform_grid        ,     16,             1999000,             1999000,        1
explosion      ,     5,uniform_grid        ,     17,             1999000,             1999000,        1
explosion      ,     5,uniform_grid        ,     18,             1999000,             1999000,        1
explosion      ,     5,uniform_grid        ,     19,             1999000,             1999000,        1
explosion      ,     5,uniform_grid        ,     20,             1999000,             1999000,        1
explosion      ,     5,uniform_grid        ,     21,             1999000,             1999000,        1
explosion      ,     5,uniform_grid        ,     22,             1999000,             1999000,        1
explosion      ,     5,uniform_grid        ,     23,             1999000,             1999000,        1
explosion      ,     5,uniform_grid        ,     24,             1999000,             1999000,        1
explosion      ,     5,uniform_grid        ,     25,             1999000,             1999000,        1
explosion      ,     5,uniform_grid        ,     26,             1999000,             1999000,        1
explosion      ,     5,uniform_grid        ,     27,             1999000,             1999000,        1
explosion      ,     5,uniform_grid        ,     28,             1999000,             1999000,        1
explosion      ,     5,uniform_grid        ,     29,             1999000,             1999000,        1
explosion      ,     5,uniform_grid        ,     30,             1999000,             1999000,        1
explosion      ,     5,uniform_grid        ,     31,             1999000,             1999000,        1
explosion      ,     5,uniform_grid        ,     32,             1999000,             1999000,        1
explosion      ,     5,uniform_grid        ,     33,             1999000,             1999000,        1
explosion      ,     5,uniform_grid        ,     34,             1999000,             1999000,        1
explosion      ,     5,uniform_grid        ,     35,             1999000,             1999000,        1
explosion      ,     5,uniform_grid        ,     36,             1999000,             1999000,        1
explosion      ,     5,uniform_grid        ,     37,             1999000,             1999000,        1
explosion      ,     5,uniform_grid        ,     38,             1999000,             1999000,        1
explosion      ,     5,uniform_grid        ,     39,             1999000,             1999000,        1
explosion      ,     5,uniform_grid+skin   ,      0,             1999000,             1999000,        1
explosion      ,     5,uniform_grid+skin   ,      1,             1999000,             1999000,        0
explosion      ,     5,uniform_grid+skin   ,      2,             1999000,             1999000,        0
explosion      ,     5,uniform_grid+skin   ,      3,             1999000,             1999000,        0
explosion      ,     5,uniform_grid+skin   ,      4,             1999000,             1999000,        0
explosion      ,     5,uniform_grid+skin   ,      5,             1999000,             1999000,        1
explosion      ,     5,uniform_grid+skin   ,      6,             1999000,             1999000,        0
explosion      ,     5,uniform_grid+skin   ,      7,             1999000,             1999000,        0
explosion      ,     5,uniform_grid+skin   ,      8,             1999000,             1999000,        0
explosion      ,     5,uniform_grid+skin   ,      9,             1999000,             1999000,        0
explosion      ,     5,uniform_grid+skin   ,     10,             1999000,             1999000,        1
explosion      ,     5,uniform_grid+skin   ,     11,             1999000,             1999000,        0
explosion      ,     5,uniform_grid+skin   ,     12,             1999000,             1999000,        0
explosion      ,     5,uniform_grid+skin   ,     13,             1999000,             1999000,        0
explosion      ,     5,uniform_grid+skin   ,     14,             1999000,             1999000,        0
explosion      ,     5,uniform_grid+skin   ,     15,             1999000,             1999000,        1
explosion      ,     5,uniform_grid+skin   ,     16,             1999000,             1999000,        0
explosion      ,     5,uniform_grid+skin   ,     17,             1999000,             1999000,        0
explosion      ,     5,uniform_grid+skin   ,     18,             1999000,             1999000,        0
explosion      ,     5,uniform_grid+skin   ,     19,             1999000,             1999000,        0
explosion      ,     5,uniform_grid+skin   ,     20,             1999000,             1999000,        1
explosion      ,     5,uniform_grid+skin   ,     21,             1999000,             1999000,        0
explosion      ,     5,uniform_grid+skin   ,     22,             1999000,             1999000,        0
explosion      ,     5,uniform_grid+skin   ,     23,             1999000,             1999000,        0
explosion      ,     5,uniform_grid+skin   ,     24,             1999000,             1999000,        0
explosion      ,     5,uniform_grid+skin   ,     25,             1999000,             1999000,        1
explosion      ,     5,uniform_grid+skin   ,     26,             1999000,             1999000,        0
explosion      ,     5,uniform_grid+skin   ,     27,             1999000,             1999000,        0
explosion      ,     5,uniform_grid+skin   ,     28,             1999000,             1999000,        0
explosion      ,     5,uniform_grid+skin   ,     29,             1999000,             1999000,        0
explosion      ,     5,uniform_grid+skin   ,     30,             1999000,             1999000,        1
explosion      ,     5,uniform_grid+skin   ,     31,             1999000,             1999000,        0
explosion      ,     5,uniform_grid+skin   ,     32,             1999000,             1999000,        0
explosion      ,     5,uniform_grid+skin   ,     33,             1999000,             1999000,        0
explosion      ,     5,uniform_grid+skin   ,     34,             1999000,             1999000,        0
explosion      ,     5,uniform_grid+skin   ,     35,             1999000,             1999000,        1
explosion      ,     5,uniform_grid+skin   ,     36,             1999000,             1999000,        0
explosion      ,     5,uniform_grid+skin   ,     37,             1999000,             1999000,        0
explosion      ,     5,uniform_grid+skin   ,     38,             1999000,             1999000,        0
explosion      ,     5,uniform_grid+skin   ,     39,             1999000,             1999000,        0
explosion      ,     5,octree              ,      0,             1999000,             1999000,        1
explosion      ,     5,octree              ,      1,             1999000,             1999000,        1
explosion      ,     5,octree              ,      2,             1999000,             1999000,        1
explosion      ,     5,octree              ,      3,             1999000,             1999000,        1
explosion      ,     5,octree              ,      4,             1999000,             1999000,        1
explosion      ,     5,octree              ,      5,             1999000,             1999000,        1
explosion      ,     5,octree              ,      6,             1999000,             1999000,        1
explosion      ,     5,octree              ,      7,             1999000,             1999000,        1
explosion      ,     5,octree              ,      8,             1999000,             1999000,        1
explosion      ,     5,octree              ,      9,             1999000,             1999000,        1
explosion      ,     5,octree              ,     10,             1999000,             1999000,        1
explosion      ,     5,octree              ,     11,             1999000,             1999000,        1
explosion      ,     5,octree              ,     12,             1999000,             1999000,        1
explosion      ,     5,octree              ,     13,             1999000,             1999000,        1
explosion      ,     5,octree              ,     14,             1999000,             1999000,        1
explosion      ,     5,octree              ,     15,             1999000,             1999000,        1
explosion      ,     5,octree              ,     16,             1999000,             1999000,        1
explosion      ,     5,octree              ,     17,             1999000,             1999000,        1
explosion      ,     5,octree              ,     18,             1999000,             1999000,        1
explosion      ,     5,octree              ,     19,             1999000,             1999000,        1
explosion      ,     5,octree              ,     20,             1999000,             1999000,        1
explosion      ,     5,octree              ,     21,             1999000,             1999000,        1
explosion      ,     5,octree              ,     22,             1999000,             1999000,        1
explosion      ,     5,octree              ,     23,             1999000,             1999000,        1
explosion      ,     5,octree              ,     24,             1999000,             1999000,        1
explosion      ,     5,octree              ,     25,             1999000,             1999000,        1
explosion      ,     5,octree              ,     26,             1999000,             1999000,        1
explosion      ,     5,octree              ,     27,             1999000,             1999000,        1
explosion      ,     5,octree              ,     28,             1999000,             1999000,        1
explosion      ,     5,octree              ,     29,             1999000,             1999000,        1
explosion      ,     5,octree              ,     30,             1999000,             1999000,        1
explosion      ,     5,octree              ,     31,             1999000,             1999000,        1
explosion      ,     5,octree              ,     32,             1999000,             1999000,        1
explosion      ,     5,octree              ,     33,             1999000,             1999000,        1
explosion      ,     5,octree              ,     34,             1999000,             1999000,        1
explosion      ,     5,octree              ,     35,             1999000,             1999000,        1
explosion      ,     5,octree              ,     36,             1999000,             1999000,        1
explosion      ,     5,octree              ,     37,             1999000,             1999000,        1
explosion      ,     5,octree              ,     38,             1999000,             1999000,        1
explosion      ,     5,octree              ,     39,             1999000,             1999000,        1
explosion      ,     5,octree+skin         ,      0,             1999000,             1999000,        1
explosion      ,     5,octree+skin         ,      1,             1999000,             1999000,        0
explosion      ,     5,octree+skin         ,      2,             1999000,             1999000,        0
explosion      ,     5,octree+skin         ,      3,             1999000,             1999000,        0
explosion      ,     5,octree+skin         ,      4,             1999000,             1999000,        0
explosion      ,     5,octree+skin         ,      5,             1999000,             1999000,        1
explosion      ,     5,octree+skin         ,      6,             1999000,             1999000,        0
explosion      ,     5,octree+skin         ,      7,             1999000,             1999000,        0
explosion      ,     5,octree+skin         ,      8,             1999000,             1999000,        0
explosion      ,     5,octree+skin         ,      9,             1999000,             1999000,        0
explosion      ,     5,octree+skin         ,     10,             1999000,             1999000,        1
explosion      ,     5,octree+skin         ,     11,             1999000,             1999000,        0
explosion      ,     5,octree+skin         ,     12,             1999000,             1999000,        0
explosion      ,     5,octree+skin         ,     13,             1999000,             1999000,        0
explosion      ,     5,octree+skin         ,     14,             1999000,             1999000,        0
explosion      ,     5,octree+skin         ,     15,             1999000,             1999000,        1
explosion      ,     5,octree+skin         ,     16,             1999000,             1999000,        0
explosion      ,     5,octree+skin         ,     17,             1999000,             1999000,        0
explosion      ,     5,octree+skin         ,     18,             1999000,             1999000,        0
explosion      ,     5,octree+skin         ,     19,             1999000,             1999000,        0
explosion      ,     5,octree+skin         ,     20,             1999000,             1999000,        1
explosion      ,     5,octree+skin         ,     21,             1999000,             1999000,        0
explosion      ,     5,octree+skin         ,     22,             1999000,             1999000,        0
explosion      ,     5,octree+skin         ,     23,             1999000,             1999000,        0
explosion      ,     5,octree+skin         ,     24,             1999000,             1999000,        0
explosion      ,     5,octree+skin         ,     25,             1999000,             1999000,        1
explosion      ,     5,octree+skin         ,     26,             1999000,             1999000,        0
explosion      ,     5,octree+skin         ,     27,             1999000,             1999000,        0
explosion      ,     5,octree+skin         ,     28,             1999000,             1999000,        0
explosion      ,     5,octree+skin         ,     29,             1999000,             1999000,        0
explosion      ,     5,octree+skin         ,     30,             1999000,             1999000,        1
explosion      ,     5,octree+skin         ,     31,             1999000,             1999000,        0
explosion      ,     5,octree+skin         ,     32,             1999000,             1999000,        0
explosion      ,     5,octree+skin         ,     33,             1999000,             1999000,        0
explosion      ,     5,octree+skin         ,     34,             1999000,             1999000,        0
explosion      ,     5,octree+skin         ,     35,             1999000,             1999000,        1
explosion      ,     5,octree+skin         ,     36,             1999000,             1999000,        0
explosion      ,     5,octree+skin         ,     37,             1999000,             1999000,        0
explosion      ,     5,octree+skin         ,     38,             1999000,             1999000,        0
explosion      ,     5,octree+skin         ,     39,             1999000,             1999000,        0
explosion      ,    10,brute_force         ,      0,             1999000,             1999000,        0
explosion      ,    10,brute_force         ,      1,             1999000,             1999000,        0
explosion      ,    10,brute_force         ,      2,             1999000,             1999000,        0
explosion      ,    10,brute_force         ,      3,             1999000,             1999000,        0
explosion      ,    10,brute_force         ,      4,             1999000,             1999000,        0
explosion      ,    10,brute_force         ,      5,             1999000,             1999000,        0
explosion      ,    10,brute_force         ,      6,             1999000,             1999000,        0
explosion      ,    10,brute_force         ,      7,             1999000,             1999000,        0
explosion      ,    10,brute_force         ,      8,             1999000,             1999000,        0
explosion      ,    10,brute_force         ,      9,             1999000,             1999000,        0
explosion      ,    10,brute_force         ,     10,             1999000,             1999000,        0
explosion      ,    10,brute_force         ,     11,             1999000,             1999000,        0
explosion      ,    10,brute_force         ,     12,             1999000,             1999000,        0
explosion      ,    10,brute_force         ,     13,             1999000,             1999000,        0
explosion      ,    10,brute_force         ,     14,             1999000,             1999000,        0
explosion      ,    10,brute_force         ,     15,             1999000,             1999000,        0
explosion      ,    10,brute_force         ,     16,             1999000,             1999000,        0
explosion      ,    10,brute_force         ,     17,             1999000,             1999000,        0
explosion      ,    10,brute_force         ,     18,             1999000,             1999000,        0
explosion      ,    10,brute_force         ,     19,             1999000,             1999000,        0
explosion      ,    10,brute_force         ,     20,             1999000,             1999000,        0
explosion      ,    10,brute_force         ,     21,             1999000,             1999000,        0
explosion      ,    10,brute_force         ,     22,             1999000,             1999000,        0
explosion      ,    10,brute_force         ,     23,             1999000,             1999000,        0
explosion      ,    10,brute_force         ,     24,             1999000,             1999000,        0
explosion      ,    10,brute_force         ,     25,             1999000,             1999000,        0
explosion      ,    10,brute_force         ,     26,             1999000,             1999000,        0
explosion      ,    10,brute_force         ,     27,             1999000,             1999000,        0
explosion      ,    10,brute_force         ,     28,             1999000,             1999000,        0
explosion      ,    10,brute_force         ,     29,             1999000,             1999000,        0
explosion      ,    10,brute_force         ,     30,             1999000,             1999000,        0
explosion      ,    10,brute_force         ,     31,             1999000,             1999000,        0
explosion      ,    10,brute_force         ,     32,             1999000,             1999000,        0
explosion      ,    10,brute_force         ,     33,             1999000,             1999000,        0
explosion      ,    10,brute_force         ,     34,             1999000,             1999000,        0
explosion      ,    10,brute_force         ,     35,             1999000,             1999000,        0
explosion      ,    10,brute_force         ,     36,             1999000,             1999000,        0
explosion      ,    10,brute_force         ,     37,             1999000,             1999000,        0
explosion      ,    10,brute_force         ,     38,             1999000,             1999000,        0
explosion      ,    10,brute_force         ,     39,             1999000,             1999000,        0
explosion      ,    10,uniform_grid        ,      0,             1999000,             1999000,        1
explosion      ,    10,uniform_grid        ,      1,             1999000,             1999000,        1
explosion      ,    10,uniform_grid        ,      2,             1999000,             1999000,        1
explosion      ,    10,uniform_grid        ,      3,             1999000,             1999000,        1
explosion      ,    10,uniform_grid        ,      4,             1999000,             1999000,        1
explosion      ,    10,uniform_grid        ,      5,             1999000,             1999000,        1
explosion      ,    10,uniform_grid        ,      6,             1999000,             1999000,        1
explosion      ,    10,uniform_grid        ,      7,             1999000,             1999000,        1
explosion      ,    10,uniform_grid        ,      8,             1999000,             1999000,        1
explosion      ,    10,uniform_grid        ,      9,             1999000,             1999000,        1
explosion      ,    10,uniform_grid        ,     10,             1999000,             1999000,        1
explosion      ,    10,uniform_grid        ,     11,             1999000,             1999000,        1
explosion      ,    10,uniform_grid        ,     12,             1999000,             1999000,        1
explosion      ,    10,uniform_grid        ,     13,             1999000,             1999000,        1
explosion      ,    10,uniform_grid        ,     14,             1999000,             1999000,        1
explosion      ,    10,uniform_grid        ,     15,             1999000,             1999000,        1
explosion      ,    10,uniform_grid        ,     16,             1999000,             1999000,        1
explosion      ,    10,uniform_grid        ,     17,             1999000,             1999000,        1
explosion      ,    10,uniform_grid        ,     18,             1999000,             1999000,        1
explosion      ,    10,uniform_grid        ,     19,             1999000,             1999000,        1
explosion      ,    10,uniform_grid        ,     20,             1999000,             1999000,        1
explosion      ,    10,uniform_grid        ,     21,             1999000,             1999000,        1
explosion      ,    10,uniform_grid        ,     22,             1999000,             1999000,        1
explosion      ,    10,uniform_grid        ,     23,             1999000,             1999000,        1
explosion      ,    10,uniform_grid        ,     24,             1999000,             1999000,        1
explosion      ,    10,uniform_grid        ,     25,             1999000,             1999000,        1
explosion      ,    10,uniform_grid        ,     26,             1999000,             1999000,        1
explosion      ,    10,uniform_grid        ,     27,             1999000,             1999000,        1
explosion      ,    10,uniform_grid        ,     28,             1999000,             1999000,        1
explosion      ,    10,uniform_grid        ,     29,             1999000,             1999000,        1
explosion      ,    10,uniform_grid        ,     30,             1999000,             1999000,        1
explosion      ,    10,uniform_grid        ,     31,             1999000,             1999000,        1
explosion      ,    10,uniform_grid        ,     32,             1999000,             1999000,        1
explosion      ,    10,uniform_grid        ,     33,             1999000,             1999000,        1
explosion      ,    10,uniform_grid        ,     34,             1999000,             1999000,        1
explosion      ,    10,uniform_grid        ,     35,             1999000,             1999000,        1
explosion      ,    10,uniform_grid        ,     36,             1999000,             1999000,        1
explosion      ,    10,uniform_grid        ,     37,             1999000,             1999000,        1
explosion      ,    10,uniform_grid        ,     38,             1999000,             1999000,        1
explosion      ,    10,uniform_grid        ,     39,             1999000,             1999000,        1
explosion      ,    10,uniform_grid+skin   ,      0,             1999000,             1999000,        1
explosion      ,    10,uniform_grid+skin   ,      1,             1999000,             1999000,        0
explosion      ,    10,uniform_grid+skin   ,      2,             1999000,             1999000,        0
explosion      ,    10,uniform_grid+skin   ,      3,             1999000,             1999000,        0
explosion      ,    10,uniform_grid+skin   ,      4,             1999000,             1999000,        0
explosion      ,    10,uniform_grid+skin   ,      5,             1999000,             1999000,        0
explosion      ,    10,uniform_grid+skin   ,      6,             1999000,             1999000,        0
explosion      ,    10,uniform_grid+skin   ,      7,             1999000,             1999000,        0
explosion      ,    10,uniform_grid+skin   ,      8,             1999000,             1999000,        0
explosion      ,    10,uniform_grid+skin   ,      9,             1999000,             1999000,        0
explosion      ,    10,uniform_grid+skin   ,     10,             1999000,             1999000,        1
explosion      ,    10,uniform_grid+skin   ,     11,             1999000,             1999000,        0
explosion      ,    10,uniform_grid+skin   ,     12,             1999000,             1999000,        0
explosion      ,    10,uniform_grid+skin   ,     13,             1999000,             1999000,        0
explosion      ,    10,uniform_grid+skin   ,     14,             1999000,             1999000,        0
explosion      ,    10,uniform_grid+skin   ,     15,             1999000,             1999000,        0
explosion      ,    10,uniform_grid+skin   ,     16,             1999000,             1999000,        0
explosion      ,    10,uniform_grid+skin   ,     17,             1999000,             1999000,        0
explosion      ,    10,uniform_grid+skin   ,     18,             1999000,             1999000,        0
explosion      ,    10,uniform_grid+skin   ,     19,             1999000,             1999000,        0
explosion      ,    10,uniform_grid+skin   ,     20,             1999000,             1999000,        1
explosion      ,    10,uniform_grid+skin   ,     21,             1999000,             1999000,        0
explosion      ,    10,uniform_grid+skin   ,     22,             1999000,             1999000,        0
explosion      ,    10,uniform_grid+skin   ,     23,             1999000,             1999000,        0
explosion      ,    10,uniform_grid+skin   ,     24,             1999000,             1999000,        0
explosion      ,    10,uniform_grid+skin   ,     25,             1999000,             1999000,        0
explosion      ,    10,uniform_grid+skin   ,     26,             1999000,             1999000,        0
explosion      ,    10,uniform_grid+skin   ,     27,             1999000,             1999000,        0
explosion      ,    10,uniform_grid+skin   ,     28,             1999000,             1999000,        0
explosion      ,    10,uniform_grid+skin   ,     29,             1999000,             1999000,        0
explosion      ,    10,uniform_grid+skin   ,     30,             1999000,             1999000,        1
explosion      ,    10,uniform_grid+skin   ,     31,             1999000,             1999000,        0
explosion      ,    10,uniform_grid+skin   ,     32,             1999000,             1999000,        0
explosion      ,    10,uniform_grid+skin   ,     33,             1999000,             1999000,        0
explosion      ,    10,uniform_grid+skin   ,     34,             1999000,             1999000,        0
explosion      ,    10,uniform_grid+skin   ,     35,             1999000,             1999000,        0
explosion      ,    10,uniform_grid+skin   ,     36,             1999000,             1999000,        0
explosion      ,    10,uniform_grid+skin   ,     37,             1999000,             1999000,        0
explosion      ,    10,uniform_grid+skin   ,     38,             1999000,             1999000,        0
explosion      ,    10,uniform_grid+skin   ,     39,             1999000,             1999000,        0
explosion      ,    10,octree              ,      0,             1999000,             1999000,        1
explosion      ,    10,octree              ,      1,             1999000,             1999000,        1
explosion      ,    10,octree              ,      2,             1999000,             1999000,        1
explosion      ,    10,octree              ,      3,             1999000,             1999000,        1
explosion      ,    10,octree              ,      4,             1999000,             1999000,        1
explosion      ,    10,octree              ,      5,             1999000,             1999000,        1
explosion      ,    10,octree              ,      6,             1999000,             1999000,        1
explosion      ,    10,octree              ,      7,             1999000,             1999000,        1
explosion      ,    10,octree              ,      8,             1999000,             1999000,        1
explosion      ,    10,octree              ,      9,             1999000,             1999000,        1
explosion      ,    10,octree              ,     10,             1999000,             1999000,        1
explosion      ,    10,octree              ,     11,             1999000,             1999000,        1
explosion      ,    10,octree              ,     12,             1999000,             1999000,        1
explosion      ,    10,octree              ,     13,             1999000,             1999000,        1
explosion      ,    10,octree              ,     14,             1999000,             1999000,        1
explosion      ,    10,octree              ,     15,             1999000,             1999000,        1
explosion      ,    10,octree              ,     16,             1999000,             1999000,        1
explosion      ,    10,octree              ,     17,             1999000,             1999000,        1
explosion      ,    10,octree              ,     18,             1999000,             1999000,        1
explosion      ,    10,octree              ,     19,             1999000,             1999000,        1
explosion      ,    10,octree              ,     20,             1999000,             1999000,        1
explosion      ,    10,octree              ,     21,             1999000,             1999000,        1
explosion      ,    10,octree              ,     22,             1999000,             1999000,        1
explosion      ,    10,octree              ,     23,             1999000,             1999000,        1
explosion      ,    10,octree              ,     24,             1999000,             1999000,        1
explosion      ,    10,octree              ,     25,             1999000,             1999000,        1
explosion      ,    10,octree              ,     26,             1999000,             1999000,        1
explosion      ,    10,octree              ,     27,             1999000,             1999000,        1
explosion      ,    10,octree              ,     28,             1999000,             1999000,        1
explosion      ,    10,octree              ,     29,             1999000,             1999000,        1
explosion      ,    10,octree              ,     30,             1999000,             1999000,        1
explosion      ,    10,octree              ,     31,             1999000,             1999000,        1
explosion      ,    10,octree              ,     32,             1999000,             1999000,        1
explosion      ,    10,octree              ,     33,             1999000,             1999000,        1
explosion      ,    10,octree              ,     34,             1999000,             1999000,        1
explosion      ,    10,octree              ,     35,             1999000,             1999000,        1
explosion      ,    10,octree              ,     36,             1999000,             1999000,        1
explosion      ,    10,octree              ,     37,             1999000,             1999000,        1
explosion      ,    10,octree              ,     38,             1999000,             1999000,        1
explosion      ,    10,octree              ,     39,             1999000,             1999000,        1
explosion      ,    10,octree+skin         ,      0,             1999000,             1999000,        1
explosion      ,    10,octree+skin         ,      1,             1999000,             1999000,        0
explosion      ,    10,octree+skin         ,      2,             1999000,             1999000,        0
explosion      ,    10,octree+skin         ,      3,             1999000,             1999000,        0
explosion      ,    10,octree+skin         ,      4,             1999000,             1999000,        0
explosion      ,    10,octree+skin         ,      5,             1999000,             1999000,        0
explosion      ,    10,octree+skin         ,      6,             1999000,             1999000,        0
explosion      ,    10,octree+skin         ,      7,             1999000,             1999000,        0
explosion      ,    10,octree+skin         ,      8,             1999000,             1999000,        0
explosion      ,    10,octree+skin         ,      9,             1999000,             1999000,        0
explosion      ,    10,octree+skin         ,     10,             1999000,             1999000,        1
explosion      ,    10,octree+skin         ,     11,             1999000,             1999000,        0
explosion      ,    10,octree+skin         ,     12,             1999000,             1999000,        0
explosion      ,    10,octree+skin         ,     13,             1999000,             1999000,        0
explosion      ,    10,octree+skin         ,     14,             1999000,             1999000,        0
explosion      ,    10,octree+skin         ,     15,             1999000,             1999000,        0
explosion      ,    10,octree+skin         ,     16,             1999000,             1999000,        0
explosion      ,    10,octree+skin         ,     17,             1999000,             1999000,        0
explosion      ,    10,octree+skin         ,     18,             1999000,             1999000,        0
explosion      ,    10,octree+skin         ,     19,             1999000,             1999000,        0
explosion      ,    10,octree+skin         ,     20,             1999000,             1999000,        1
explosion      ,    10,octree+skin         ,     21,             1999000,             1999000,        0
explosion      ,    10,octree+skin         ,     22,             1999000,             1999000,        0
explosion      ,    10,octree+skin         ,     23,             1999000,             1999000,        0
explosion      ,    10,octree+skin         ,     24,             1999000,             1999000,        0
explosion      ,    10,octree+skin         ,     25,             1999000,             1999000,        0
explosion      ,    10,octree+skin         ,     26,             1999000,             1999000,        0
explosion      ,    10,octree+skin         ,     27,             1999000,             1999000,        0
explosion      ,    10,octree+skin         ,     28,             1999000,             1999000,        0
explosion      ,    10,octree+skin         ,     29,             1999000,             1999000,        0
explosion      ,    10,octree+skin         ,     30,             1999000,             1999000,        1
explosion      ,    10,octree+skin         ,     31,             1999000,             1999000,        0
explosion      ,    10,octree+skin         ,     32,             1999000,             1999000,        0
explosion      ,    10,octree+skin         ,     33,             1999000,             1999000,        0
explosion      ,    10,octree+skin         ,     34,             1999000,             1999000,        0
explosion      ,    10,octree+skin         ,     35,             1999000,             1999000,        0
explosion      ,    10,octree+skin         ,     36,             1999000,             1999000,        0
explosion      ,    10,octree+skin         ,     37,             1999000,             1999000,        0
explosion      ,    10,octree+skin         ,     38,             1999000,             1999000,        0
explosion      ,    10,octree+skin         ,     39,             1999000,             1999000,        0
explosion      ,    20,brute_force         ,      0,             1999000,             1999000,        0
explosion      ,    20,brute_force         ,      1,             1999000,             1999000,        0
explosion      ,    20,brute_force         ,      2,             1999000,             1999000,        0
explosion      ,    20,brute_force         ,      3,             1999000,             1999000,        0
explosion      ,    20,brute_force         ,      4,             1999000,             1999000,        0
explosion      ,    20,brute_force         ,      5,             1999000,             1999000,        0
explosion      ,    20,brute_force         ,      6,             1999000,             1999000,        0
explosion      ,    20,brute_force         ,      7,             1999000,             1999000,        0
explosion      ,    20,brute_force         ,      8,             1999000,             1999000,        0
explosion      ,    20,brute_force         ,      9,             1999000,             1999000,        0
explosion      ,    20,brute_force         ,     10,             1999000,             1999000,        0
explosion      ,    20,brute_force         ,     11,             1999000,             1999000,        0
explosion      ,    20,brute_force         ,     12,             1999000,             1999000,        0
explosion      ,    20,brute_force         ,     13,             1999000,             1999000,        0
explosion      ,    20,brute_force         ,     14,             1999000,             1999000,        0
explosion      ,    20,brute_force         ,     15,             1999000,             1999000,        0
explosion      ,    20,brute_force         ,     16,             1999000,             1999000,        0
explosion      ,    20,brute_force         ,     17,             1999000,             1999000,        0
explosion      ,    20,brute_force         ,     18,             1999000,             1999000,        0
explosion      ,    20,brute_force         ,     19,             1999000,             1999000,        0
explosion      ,    20,brute_force         ,     20,             1999000,             1999000,        0
explosion      ,    20,brute_force         ,     21,             1999000,             1999000,        0
explosion      ,    20,brute_force         ,     22,             1999000,             1999000,        0
explosion      ,    20,brute_force         ,     23,             1999000,             1999000,        0
explosion      ,    20,brute_force         ,     24,             1999000,             1999000,        0
explosion      ,    20,brute_force         ,     25,             1999000,             1999000,        0
explosion      ,    20,brute_force         ,     26,             1999000,             1999000,        0
explosion      ,    20,brute_force         ,     27,             1999000,             1999000,        0
explosion      ,    20,brute_force         ,     28,             1999000,             1999000,        0
explosion      ,    20,brute_force         ,     29,             1999000,             1999000,        0
explosion      ,    20,brute_force         ,     30,             1999000,             1999000,        0
explosion      ,    20,brute_force         ,     31,             1999000,             1999000,        0
explosion      ,    20,brute_force         ,     32,             1999000,             1999000,        0
explosion      ,    20,brute_force         ,     33,             1999000,             1999000,        0
explosion      ,    20,brute_force         ,     34,             1999000,             1999000,        0
explosion      ,    20,brute_force         ,     35,             1999000,             1999000,        0
explosion      ,    20,brute_force         ,     36,             1999000,             1999000,        0
explosion      ,    20,brute_force         ,     37,             1999000,             1999000,        0
explosion      ,    20,brute_force         ,     38,             1999000,             1999000,        0
explosion      ,    20,brute_force         ,     39,             1999000,             1999000,        0
explosion      ,    20,uniform_grid        ,      0,             1999000,             1999000,        1
explosion      ,    20,uniform_grid        ,      1,             1999000,             1999000,        1
explosion      ,    20,uniform_grid        ,      2,             1999000,             1999000,        1
explosion      ,    20,uniform_grid        ,      3,             1999000,             1999000,        1
explosion      ,    20,uniform_grid        ,      4,             1999000,             1999000,        1
explosion      ,    20,uniform_grid        ,      5,             1999000,             1999000,        1
explosion      ,    20,uniform_grid        ,      6,             1999000,             1999000,        1
explosion      ,    20,uniform_grid        ,      7,             1999000,             1999000,        1
explosion      ,    20,uniform_grid        ,      8,             1999000,             1999000,        1
explosion      ,    20,uniform_grid        ,      9,             1999000,             1999000,        1
explosion      ,    20,uniform_grid        ,     10,             1999000,             1999000,        1
explosion      ,    20,uniform_grid        ,     11,             1999000,             1999000,        1
explosion      ,    20,uniform_grid        ,     12,             1999000,             1999000,        1
explosion      ,    20,uniform_grid        ,     13,             1999000,             1999000,        1
explosion      ,    20,uniform_grid        ,     14,             1999000,             1999000,        1
explosion      ,    20,uniform_grid        ,     15,             1999000,             1999000,        1
explosion      ,    20,uniform_grid        ,     16,             1999000,             1999000,        1
explosion      ,    20,uniform_grid        ,     17,             1999000,             1999000,        1
explosion      ,    20,uniform_grid        ,     18,             1999000,             1999000,        1
explosion      ,    20,uniform_grid        ,     19,             1999000,             1999000,        1
explosion      ,    20,uniform_grid        ,     20,             1999000,             1999000,        1
explosion      ,    20,uniform_grid        ,     21,             1999000,             1999000,        1
explosion      ,    20,uniform_grid        ,     22,             1999000,             1999000,        1
explosion      ,    20,uniform_grid        ,     23,             1999000,             1999000,        1
explosion      ,    20,uniform_grid        ,     24,             1999000,             1999000,        1
explosion      ,    20,uniform_grid        ,     25,             1999000,             1999000,        1
explosion      ,    20,uniform_grid        ,     26,             1999000,             1999000,        1
explosion      ,    20,uniform_grid        ,     27,             1999000,             1999000,        1
explosion      ,    20,uniform_grid        ,     28,             1999000,             1999000,        1
explosion      ,    20,uniform_grid        ,     29,             1999000,             1999000,        1
explosion      ,    20,uniform_grid        ,     30,             1999000,             1999000,        1
explosion      ,    20,uniform_grid        ,     31,             1999000,             1999000,        1
explosion      ,    20,uniform_grid        ,     32,             1999000,             1999000,        1
explosion      ,    20,uniform_grid        ,     33,             1999000,             1999000,        1
explosion      ,    20,uniform_grid        ,     34,             1999000,             1999000,        1
explosion      ,    20,uniform_grid        ,     35,             1999000,             1999000,        1
explosion      ,    20,uniform_grid        ,     36,             1999000,             1999000,        1
explosion      ,    20,uniform_grid        ,     37,             1999000,             1999000,        1
explosion      ,    20,uniform_grid        ,     38,             1999000,             1999000,        1
explosion      ,    20,uniform_grid        ,     39,             1999000,             1999000,        1
explosion      ,    20,uniform_grid+skin   ,      0,             1999000,             1999000,        1
explosion      ,    20,uniform_grid+skin   ,      1,             1999000,             1999000,        0
explosion      ,    20,uniform_grid+skin   ,      2,             1999000,             1999000,        0
explosion      ,    20,uniform_grid+skin   ,      3,             1999000,             1999000,        0
explosion      ,    20,uniform_grid+skin   ,      4,             1999000,             1999000,        0
explosion      ,    20,uniform_grid+skin   ,      5,             1999000,             1999000,        0
explosion      ,    20,uniform_grid+skin   ,      6,             1999000,             1999000,        0
explosion      ,    20,uniform_grid+skin   ,      7,             1999000,             1999000,        0
explosion      ,    20,uniform_grid+skin   ,      8,             1999000,             1999000,        0
explosion      ,    20,uniform_grid+skin   ,      9,             1999000,             1999000,        0
explosion      ,    20,uniform_grid+skin   ,     10,             1999000,             1999000,        0
explosion      ,    20,uniform_grid+skin   ,     11,             1999000,             1999000,        0
explosion      ,    20,uniform_grid+skin   ,     12,             1999000,             1999000,        0
explosion      ,    20,uniform_grid+skin   ,     13,             1999000,             1999000,        0
explosion      ,    20,uniform_grid+skin   ,     14,             1999000,             1999000,        0
explosion      ,    20,uniform_grid+skin   ,     15,             1999000,             1999000,        0
explosion      ,    20,uniform_grid+skin   ,     16,             1999000,             1999000,        0
explosion      ,    20,uniform_grid+skin   ,     17,             1999000,             1999000,        0
explosion      ,    20,uniform_grid+skin   ,     18,             1999000,             1999000,        0
explosion      ,    20,uniform_grid+skin   ,     19,             1999000,             1999000,        0
explosion      ,    20,uniform_grid+skin   ,     20,             1999000,             1999000,        1
explosion      ,    20,uniform_grid+skin   ,     21,             1999000,             1999000,        0
explosion      ,    20,uniform_grid+skin   ,     22,             1999000,             1999000,        0
explosion      ,    20,uniform_grid+skin   ,     23,             1999000,             1999000,        0
explosion      ,    20,uniform_grid+skin   ,     24,             1999000,             1999000,        0
explosion      ,    20,uniform_grid+skin   ,     25,             1999000,             1999000,        0
explosion      ,    20,uniform_grid+skin   ,     26,             1999000,             1999000,        0
explosion      ,    20,uniform_grid+skin   ,     27,             1999000,             1999000,        0
explosion      ,    20,uniform_grid+skin   ,     28,             1999000,             1999000,        0
explosion      ,    20,uniform_grid+skin   ,     29,             1999000,             1999000,        0
explosion      ,    20,uniform_grid+skin   ,     30,             1999000,             1999000,        0
explosion      ,    20,uniform_grid+skin   ,     31,             1999000,             1999000,        0
explosion      ,    20,uniform_grid+skin   ,     32,             1999000,             1999000,        0
explosion      ,    20,uniform_grid+skin   ,     33,             1999000,             1999000,        0
explosion      ,    20,uniform_grid+skin   ,     34,             1999000,             1999000,        0
explosion      ,    20,uniform_grid+skin   ,     35,             1999000,             1999000,        0
explosion      ,    20,uniform_grid+skin   ,     36,             1999000,             1999000,        0
explosion      ,    20,uniform_grid+skin   ,     37,             1999000,             1999000,        0
explosion      ,    20,uniform_grid+skin   ,     38,             1999000,             1999000,        0
explosion      ,    20,uniform_grid+skin   ,     39,             1999000,             1999000,        0
explosion      ,    20,octree              ,      0,             1999000,             1999000,        1
explosion      ,    20,octree              ,      1,             1999000,             1999000,        1
explosion      ,    20,octree              ,      2,             1999000,             1999000,        1
explosion      ,    20,octree              ,      3,             1999000,             1999000,        1
explosion      ,    20,octree              ,      4,             1999000,             1999000,        1
explosion      ,    20,octree              ,      5,             1999000,             1999000,        1
explosion      ,    20,octree              ,      6,             1999000,             1999000,        1
explosion      ,    20,octree              ,      7,             1999000,             1999000,        1
explosion      ,    20,octree              ,      8,             1999000,             1999000,        1
explosion      ,    20,octree              ,      9,             1999000,             1999000,        1
explosion      ,    20,octree              ,     10,             1999000,             1999000,        1
explosion      ,    20,octree              ,     11,             1999000,             1999000,        1
explosion      ,    20,octree              ,     12,             1999000,             1999000,        1
explosion      ,    20,octree              ,     13,             1999000,             1999000,        1
explosion      ,    20,octree              ,     14,             1999000,             1999000,        1
explosion      ,    20,octree              ,     15,             1999000,             1999000,        1
explosion      ,    20,octree              ,     16,             1999000,             1999000,        1
explosion      ,    20,octree              ,     17,             1999000,             1999000,        1
explosion      ,    20,octree              ,     18,             1999000,             1999000,        1
explosion      ,    20,octree              ,     19,             1999000,             1999000,        1
explosion      ,    20,octree              ,     20,             1999000,             1999000,        1
explosion      ,    20,octree              ,     21,             1999000,             1999000,        1
explosion      ,    20,octree              ,     22,             1999000,             1999000,        1
explosion      ,    20,octree              ,     23,             1999000,             1999000,        1
explosion      ,    20,octree              ,     24,             1999000,             1999000,        1
explosion      ,    20,octree              ,     25,             1999000,             1999000,        1
explosion      ,    20,octree              ,     26,             1999000,             1999000,        1
explosion      ,    20,octree              ,     27,             1999000,             1999000,        1
explosion      ,    20,octree              ,     28,             1999000,             1999000,        1
explosion      ,    20,octree              ,     29,             1999000,             1999000,        1
explosion      ,    20,octree              ,     30,             1999000,             1999000,        1
explosion      ,    20,octree              ,     31,             1999000,             1999000,        1
explosion      ,    20,octree              ,     32,             1999000,             1999000,        1
explosion      ,    20,octree              ,     33,             1999000,             1999000,        1
explosion      ,    20,octree              ,     34,             1999000,             1999000,        1
explosion      ,    20,octree              ,     35,             1999000,             1999000,        1
explosion      ,    20,octree              ,     36,             1999000,             1999000,        1
explosion      ,    20,octree              ,     37,             1999000,             1999000,        1
explosion      ,    20,octree              ,     38,             1999000,             1999000,        1
explosion      ,    20,octree              ,     39,             1999000,             1999000,        1
explosion      ,    20,octree+skin         ,      0,             1999000,             1999000,        1
explosion      ,    20,octree+skin         ,      1,             1999000,             1999000,        0
explosion      ,    20,octree+skin         ,      2,             1999000,             1999000,        0
explosion      ,    20,octree+skin         ,      3,             1999000,             1999000,        0
explosion      ,    20,octree+skin         ,      4,             1999000,             1999000,        0
explosion      ,    20,octree+skin         ,      5,             1999000,             1999000,        0
explosion      ,    20,octree+skin         ,      6,             1999000,             1999000,        0
explosion      ,    20,octree+skin         ,      7,             1999000,             1999000,        0
explosion      ,    20,octree+skin         ,      8,             1999000,             1999000,        0
explosion      ,    20,octree+skin         ,      9,             1999000,             1999000,        0
explosion      ,    20,octree+skin         ,     10,             1999000,             1999000,        0
explosion      ,    20,octree+skin         ,     11,             1999000,             1999000,        0
explosion      ,    20,octree+skin         ,     12,             1999000,             1999000,        0
explosion      ,    20,octree+skin         ,     13,             1999000,             1999000,        0
explosion      ,    20,octree+skin         ,     14,             1999000,             1999000,        0
explosion      ,    20,octree+skin         ,     15,             1999000,             1999000,        0
explosion      ,    20,octree+skin         ,     16,             1999000,             1999000,        0
explosion      ,    20,octree+skin         ,     17,             1999000,             1999000,        0
explosion      ,    20,octree+skin         ,     18,             1999000,             1999000,        0
explosion      ,    20,octree+skin         ,     19,             1999000,             1999000,        0
explosion      ,    20,octree+skin         ,     20,             1999000,             1999000,        1
explosion      ,    20,octree+skin         ,     21,             1999000,             1999000,        0
explosion      ,    20,octree+skin         ,     22,             1999000,             1999000,        0
explosion      ,    20,octree+skin         ,     23,             1999000,             1999000,        0
explosion      ,    20,octree+skin         ,     24,             1999000,             1999000,        0
explosion      ,    20,octree+skin         ,     25,             1999000,             1999000,        0
explosion      ,    20,octree+skin         ,     26,             1999000,             1999000,        0
explosion      ,    20,octree+skin         ,     27,             1999000,             1999000,        0
explosion      ,    20,octree+skin         ,     28,             1999000,             1999000,        0
explosion      ,    20,octree+skin         ,     29,             1999000,             1999000,        0
explosion      ,    20,octree+skin         ,     30,             1999000,             1999000,        0
explosion      ,    20,octree+skin         ,     31,             1999000,             1999000,        0
explosion      ,    20,octree+skin         ,     32,             1999000,             1999000,        0
explosion      ,    20,octree+skin         ,     33,             1999000,             1999000,        0
explosion      ,    20,octree+skin         ,     34,             1999000,             1999000,        0
explosion      ,    20,octree+skin         ,     35,             1999000,             1999000,        0
explosion      ,    20,octree+skin         ,     36,             1999000,             1999000,        0
explosion      ,    20,octree+skin         ,     37,             1999000,             1999000,        0
explosion      ,    20,octree+skin         ,     38,             1999000,             1999000,        0
explosion      ,    20,octree+skin         ,     39,             1999000,             1999000,        0
explosion      ,    50,brute_force         ,      0,             1999000,             1999000,        0
explosion      ,    50,brute_force         ,      1,             1999000,             1999000,        0
explosion      ,    50,brute_force         ,      2,             1999000,             1999000,        0
explosion      ,    50,brute_force         ,      3,             1999000,             1999000,        0
explosion      ,    50,brute_force         ,      4,             1999000,             1999000,        0
explosion      ,    50,brute_force         ,      5,             1999000,             1999000,        0
explosion      ,    50,brute_force         ,      6,             1999000,             1999000,        0
explosion      ,    50,brute_force         ,      7,             1999000,             1999000,        0
explosion      ,    50,brute_force         ,      8,             1999000,             1999000,        0
explosion      ,    50,brute_force         ,      9,             1999000,             1999000,        0
explosion      ,    50,brute_force         ,     10,             1999000,             1999000,        0
explosion      ,    50,brute_force         ,     11,             1999000,             1999000,        0
explosion      ,    50,brute_force         ,     12,             1999000,             1999000,        0
explosion      ,    50,brute_force         ,     13,             1999000,             1999000,        0
explosion      ,    50,brute_force         ,     14,             1999000,             1999000,        0
explosion      ,    50,brute_force         ,     15,             1999000,             1999000,        0
explosion      ,    50,brute_force         ,     16,             1999000,             1999000,        0
explosion      ,    50,brute_force         ,     17,             1999000,             1999000,        0
explosion      ,    50,brute_force         ,     18,             1999000,             1999000,        0
explosion      ,    50,brute_force         ,     19,             1999000,             1999000,        0
explosion      ,    50,brute_force         ,     20,             1999000,             1999000,        0
explosion      ,    50,brute_force         ,     21,             1999000,             1999000,        0
explosion      ,    50,brute_force         ,     22,             1999000,             1999000,        0
explosion      ,    50,brute_force         ,     23,             1999000,             1999000,        0
explosion      ,    50,brute_force         ,     24,             1999000,             1999000,        0
explosion      ,    50,brute_force         ,     25,             1999000,             1999000,        0
explosion      ,    50,brute_force         ,     26,             1999000,             1999000,        0
explosion      ,    50,brute_force         ,     27,             1999000,             1999000,        0
explosion      ,    50,brute_force         ,     28,             1999000,             1999000,        0
explosion      ,    50,brute_force         ,     29,             1999000,             1999000,        0
explosion      ,    50,brute_force         ,     30,             1999000,             1999000,        0
explosion      ,    50,brute_force         ,     31,             1999000,             1999000,        0
explosion      ,    50,brute_force         ,     32,             1999000,             1999000,        0
explosion      ,    50,brute_force         ,     33,             1999000,             1999000,        0
explosion      ,    50,brute_force         ,     34,             1999000,             1999000,        0
explosion      ,    50,brute_force         ,     35,             1999000,             1999000,        0
explosion      ,    50,brute_force         ,     36,             1999000,             1999000,        0
explosion      ,    50,brute_force         ,     37,             1999000,             1999000,        0
explosion      ,    50,brute_force         ,     38,             1999000,             1999000,        0
explosion      ,    50,brute_force         ,     39,             1999000,             1999000,        0
explosion      ,    50,uniform_grid        ,      0,             1999000,             1999000,        1
explosion      ,    50,uniform_grid        ,      1,             1999000,             1999000,        1
explosion      ,    50,uniform_grid        ,      2,             1999000,             1999000,        1
explosion      ,    50,uniform_grid        ,      3,             1999000,             1999000,        1
explosion      ,    50,uniform_grid        ,      4,             1999000,             1999000,        1
explosion      ,    50,uniform_grid        ,      5,             1999000,             1999000,        1
explosion      ,    50,uniform_grid        ,      6,             1999000,             1999000,        1
explosion      ,    50,uniform_grid        ,      7,             1999000,             1999000,        1
explosion      ,    50,uniform_grid        ,      8,             1999000,             1999000,        1
explosion      ,    50,uniform_grid        ,      9,             1999000,             1999000,        1
explosion      ,    50,uniform_grid        ,     10,             1999000,             1999000,        1
explosion      ,    50,uniform_grid        ,     11,             1999000,             1999000,        1
explosion      ,    50,uniform_grid        ,     12,             1999000,             1999000,        1
explosion      ,    50,uniform_grid        ,     13,             1999000,             1999000,        1
explosion      ,    50,uniform_grid        ,     14,             1999000,             1999000,        1
explosion      ,    50,uniform_grid        ,     15,             1999000,             1999000,        1
explosion      ,    50,uniform_grid        ,     16,             1999000,             1999000,        1
explosion      ,    50,uniform_grid        ,     17,             1999000,             1999000,        1
explosion      ,    50,uniform_grid        ,     18,             1999000,             1999000,        1
explosion      ,    50,uniform_grid        ,     19,             1999000,             1999000,        1
explosion      ,    50,uniform_grid        ,     20,             1999000,             1999000,        1
explosion      ,    50,uniform_grid        ,     21,             1999000,             1999000,        1
explosion      ,    50,uniform_grid        ,     22,             1999000,             1999000,        1
explosion      ,    50,uniform_grid        ,     23,             1999000,             1999000,        1
explosion      ,    50,uniform_grid        ,     24,             1999000,             1999000,        1
explosion      ,    50,uniform_grid        ,     25,             1999000,             1999000,        1
explosion      ,    50,uniform_grid        ,     26,             1999000,             1999000,        1
explosion      ,    50,uniform_grid        ,     27,             1999000,             1999000,        1
explosion      ,    50,uniform_grid        ,     28,             1999000,             1999000,        1
explosion      ,    50,uniform_grid        ,     29,             1999000,             1999000,        1
explosion      ,    50,uniform_grid        ,     30,             1999000,             1999000,        1
explosion      ,    50,uniform_grid        ,     31,             1999000,             1999000,        1
explosion      ,    50,uniform_grid        ,     32,             1999000,             1999000,        1
explosion      ,    50,uniform_grid        ,     33,             1999000,             1999000,        1
explosion      ,    50,uniform_grid        ,     34,             1999000,             1999000,        1
explosion      ,    50,uniform_grid        ,     35,             1999000,             1999000,        1
explosion      ,    50,uniform_grid        ,     36,             1999000,             1999000,        1
explosion      ,    50,uniform_grid        ,     37,             1999000,             1999000,        1
explosion      ,    50,uniform_grid        ,     38,             1999000,             1999000,        1
explosion      ,    50,uniform_grid        ,     39,             1999000,             1999000,        1
explosion      ,    50,uniform_grid+skin   ,      0,             1999000,             1999000,        1
explosion      ,    50,uniform_grid+skin   ,      1,             1999000,             1999000,        0
explosion      ,    50,uniform_grid+skin   ,      2,             1999000,             1999000,        0
explosion      ,    50,uniform_grid+skin   ,      3,             1999000,             1999000,        0
explosion      ,    50,uniform_grid+skin   ,      4,             1999000,             1999000,        0
explosion      ,    50,uniform_grid+skin   ,      5,             1999000,             1999000,        0
explosion      ,    50,uniform_grid+skin   ,      6,             1999000,             1999000,        0
explosion      ,    50,uniform_grid+skin   ,      7,             1999000,             1999000,        0
explosion      ,    50,uniform_grid+skin   ,      8,             1999000,             1999000,        0
explosion      ,    50,uniform_grid+skin   ,      9,             1999000,             1999000,        0
explosion      ,    50,uniform_grid+skin   ,     10,             1999000,             1999000,        0
explosion      ,    50,uniform_grid+skin   ,     11,             1999000,             1999000,        0
explosion      ,    50,uniform_grid+skin   ,     12,             1999000,             1999000,        0
explosion      ,    50,uniform_grid+skin   ,     13,             1999000,             1999000,        0
explosion      ,    50,uniform_grid+skin   ,     14,             1999000,             1999000,        0
explosion      ,    50,uniform_grid+skin   ,     15,             1999000,             1999000,        0
explosion      ,    50,uniform_grid+skin   ,     16,             1999000,             1999000,        0
explosion      ,    50,uniform_grid+skin   ,     17,             1999000,             1999000,        0
explosion      ,    50,uniform_grid+skin   ,     18,             1999000,             1999000,        0
explosion      ,    50,uniform_grid+skin   ,     19,             1999000,             1999000,        0
explosion      ,    50,uniform_grid+skin   ,     20,             1999000,             1999000,        0
explosion      ,    50,uniform_grid+skin   ,     21,             1999000,             1999000,        0
explosion      ,    50,uniform_grid+skin   ,     22,             1999000,             1999000,        0
explosion      ,    50,uniform_grid+skin   ,     23,             1999000,             1999000,        0
explosion      ,    50,uniform_grid+skin   ,     24,             1999000,             1999000,        0
explosion      ,    50,uniform_grid+skin   ,     25,             1999000,             1999000,        0
explosion      ,    50,uniform_grid+skin   ,     26,             1999000,             1999000,        0
explosion      ,    50,uniform_grid+skin   ,     27,             1999000,             1999000,        0
explosion      ,    50,uniform_grid+skin   ,     28,             1999000,             1999000,        0
explosion      ,    50,uniform_grid+skin   ,     29,             1999000,             1999000,        0
explosion      ,    50,uniform_grid+skin   ,     30,             1999000,             1999000,        0
explosion      ,    50,uniform_grid+skin   ,     31,             1999000,             1999000,        0
explosion      ,    50,uniform_grid+skin   ,     32,             1999000,             1999000,        0
explosion      ,    50,uniform_grid+skin   ,     33,             1999000,             1999000,        0
explosion      ,    50,uniform_grid+skin   ,     34,             1999000,             1999000,        0
explosion      ,    50,uniform_grid+skin   ,     35,             1999000,             1999000,        0
explosion      ,    50,uniform_grid+skin   ,     36,             1999000,             1999000,        0
explosion      ,    50,uniform_grid+skin   ,     37,             1999000,             1999000,        0
explosion      ,    50,uniform_grid+skin   ,     38,             1999000,             1999000,        0
explosion      ,    50,uniform_grid+skin   ,     39,             1999000,             1999000,        0
explosion      ,    50,octree              ,      0,             1999000,             1999000,        1
explosion      ,    50,octree              ,      1,             1999000,             1999000,        1
explosion      ,    50,octree              ,      2,             1999000,             1999000,        1
explosion      ,    50,octree              ,      3,             1999000,             1999000,        1
explosion      ,    50,octree              ,      4,             1999000,             1999000,        1
explosion      ,    50,octree              ,      5,             1999000,             1999000,        1
explosion      ,    50,octree              ,      6,             1999000,             1999000,        1
explosion      ,    50,octree              ,      7,             1999000,             1999000,        1
explosion      ,    50,octree              ,      8,             1999000,             1999000,        1
explosion      ,    50,octree              ,      9,             1999000,             1999000,        1
explosion      ,    50,octree              ,     10,             1999000,             1999000,        1
explosion      ,    50,octree              ,     11,             1999000,             1999000,        1
explosion      ,    50,octree              ,     12,             1999000,             1999000,        1
explosion      ,    50,octree              ,     13,             1999000,             1999000,        1
explosion      ,    50,octree              ,     14,             1999000,             1999000,        1
explosion      ,    50,octree              ,     15,             1999000,             1999000,        1
explosion      ,    50,octree              ,     16,             1999000,             1999000,        1
explosion      ,    50,octree              ,     17,             1999000,             1999000,        1
explosion      ,    50,octree              ,     18,             1999000,             1999000,        1
explosion      ,    50,octree              ,     19,             1999000,             1999000,        1
explosion      ,    50,octree              ,     20,             1999000,             1999000,        1
explosion      ,    50,octree              ,     21,             1999000,             1999000,        1
explosion      ,    50,octree              ,     22,             1999000,             1999000,        1
explosion      ,    50,octree              ,     23,             1999000,             1999000,        1
explosion      ,    50,octree              ,     24,             1999000,             1999000,        1
explosion      ,    50,octree              ,     25,             1999000,             1999000,        1
explosion      ,    50,octree              ,     26,             1999000,             1999000,        1
explosion      ,    50,octree              ,     27,             1999000,             1999000,        1
explosion      ,    50,octree              ,     28,             1999000,             1999000,        1
explosion      ,    50,octree              ,     29,             1999000,             1999000,        1
explosion      ,    50,octree              ,     30,             1999000,             1999000,        1
explosion      ,    50,octree              ,     31,             1999000,             1999000,        1
explosion      ,    50,octree              ,     32,             1999000,             1999000,        1
explosion      ,    50,octree              ,     33,             1999000,             1999000,        1
explosion      ,    50,octree              ,     34,             1999000,             1999000,        1
explosion      ,    50,octree              ,     35,             1999000,             1999000,        1
explosion      ,    50,octree              ,     36,             1999000,             1999000,        1
explosion      ,    50,octree              ,     37,             1999000,             1999000,        1
explosion      ,    50,octree              ,     38,             1999000,             1999000,        1
explosion      ,    50,octree              ,     39,             1999000,             1999000,        1
explosion      ,    50,octree+skin         ,      0,             1999000,             1999000,        1
explosion      ,    50,octree+skin         ,      1,             1999000,             1999000,        0
explosion      ,    50,octree+skin         ,      2,             1999000,             1999000,        0
explosion      ,    50,octree+skin         ,      3,             1999000,             1999000,        0
explosion      ,    50,octree+skin         ,      4,             1999000,             1999000,        0
explosion      ,    50,octree+skin         ,      5,             1999000,             1999000,        0
explosion      ,    50,octree+skin         ,      6,             1999000,             1999000,        0
explosion      ,    50,octree+skin         ,      7,             1999000,             1999000,        0
explosion      ,    50,octree+skin         ,      8,             1999000,             1999000,        0
explosion      ,    50,octree+skin         ,      9,             1999000,             1999000,        0
explosion      ,    50,octree+skin         ,     10,             1999000,             1999000,        0
explosion      ,    50,octree+skin         ,     11,             1999000,             1999000,        0
explosion      ,    50,octree+skin         ,     12,             1999000,             1999000,        0
explosion      ,    50,octree+skin         ,     13,             1999000,             1999000,        0
explosion      ,    50,octree+skin         ,     14,             1999000,             1999000,        0
explosion      ,    50,octree+skin         ,     15,             1999000,             1999000,        0
explosion      ,    50,octree+skin         ,     16,             1999000,             1999000,        0
explosion      ,    50,octree+skin         ,     17,             1999000,             1999000,        0
explosion      ,    50,octree+skin         ,     18,             1999000,             1999000,        0
explosion      ,    50,octree+skin         ,     19,             1999000,             1999000,        0
explosion      ,    50,octree+skin         ,     20,             1999000,             1999000,        0
explosion      ,    50,octree+skin         ,     21,             1999000,             1999000,        0
explosion      ,    50,octree+skin         ,     22,             1999000,             1999000,        0
explosion      ,    50,octree+skin         ,     23,             1999000,             1999000,        0
explosion      ,    50,octree+skin         ,     24,             1999000,             1999000,        0
explosion      ,    50,octree+skin         ,     25,             1999000,             1999000,        0
explosion      ,    50,octree+skin         ,     26,             1999000,             1999000,        0
explosion      ,    50,octree+skin         ,     27,             1999000,             1999000,        0
explosion      ,    50,octree+skin         ,     28,             1999000,             1999000,        0
explosion      ,    50,octree+skin         ,     29,             1999000,             1999000,        0
explosion      ,    50,octree+skin         ,     30,             1999000,             1999000,        0
explosion      ,    50,octree+skin         ,     31,             1999000,             1999000,        0
explosion      ,    50,octree+skin         ,     32,             1999000,             1999000,        0
explosion      ,    50,octree+skin         ,     33,             1999000,             1999000,        0
explosion      ,    50,octree+skin         ,     34,             1999000,             1999000,        0
explosion      ,    50,octree+skin         ,     35,             1999000,             1999000,        0
explosion      ,    50,octree+skin         ,     36,             1999000,             1999000,        0
explosion      ,    50,octree+skin         ,     37,             1999000,             1999000,        0
explosion      ,    50,octree+skin         ,     38,             1999000,             1999000,        0
explosion      ,    50,octree+skin         ,     39,             1999000,             1999000,        0
explosion      ,   100,brute_force         ,      0,             1999000,             1999000,        0
explosion      ,   100,brute_force         ,      1,             1999000,             1999000,        0
explosion      ,   100,brute_force         ,      2,             1999000,             1999000,        0
explosion      ,   100,brute_force         ,      3,             1999000,             1999000,        0
explosion      ,   100,brute_force         ,      4,             1999000,             1999000,        0
explosion      ,   100,brute_force         ,      5,             1999000,             1999000,        0
explosion      ,   100,brute_force         ,      6,             1999000,             1999000,        0
explosion      ,   100,brute_force         ,      7,             1999000,             1999000,        0
explosion      ,   100,brute_force         ,      8,             1999000,             1999000,        0
explosion      ,   100,brute_force         ,      9,             1999000,             1999000,        0
explosion      ,   100,brute_force         ,     10,             1999000,             1999000,        0
explosion      ,   100,brute_force         ,     11,             1999000,             1999000,        0
explosion      ,   100,brute_force         ,     12,             1999000,             1999000,        0
explosion      ,   100,brute_force         ,     13,             1999000,             1999000,        0
explosion      ,   100,brute_force         ,     14,             1999000,             1999000,        0
explosion      ,   100,brute_force         ,     15,             1999000,             1999000,        0
explosion      ,   100,brute_force         ,     16,             1999000,             1999000,        0
explosion      ,   100,brute_force         ,     17,             1999000,             1999000,        0
explosion      ,   100,brute_force         ,     18,             1999000,             1999000,        0
explosion      ,   100,brute_force         ,     19,             1999000,             1999000,        0
explosion      ,   100,brute_force         ,     20,             1999000,             1999000,        0
explosion      ,   100,brute_force         ,     21,             1999000,             1999000,        0
explosion      ,   100,brute_force         ,     22,             1999000,             1999000,        0
explosion      ,   100,brute_force         ,     23,             1999000,             1999000,        0
explosion      ,   100,brute_force         ,     24,             1999000,             1999000,        0
explosion      ,   100,brute_force         ,     25,             1999000,             1999000,        0
explosion      ,   100,brute_force         ,     26,             1999000,             1999000,        0
explosion      ,   100,brute_force         ,     27,             1999000,             1999000,        0
explosion      ,   100,brute_force         ,     28,             1999000,             1999000,        0
explosion      ,   100,brute_force         ,     29,             1999000,             1999000,        0
explosion      ,   100,brute_force         ,     30,             1999000,             1999000,        0
explosion      ,   100,brute_force         ,     31,             1999000,             1999000,        0
explosion      ,   100,brute_force         ,     32,             1999000,             1999000,        0
explosion      ,   100,brute_force         ,     33,             1999000,             1999000,        0
explosion      ,   100,brute_force         ,     34,             1999000,             1999000,        0
explosion      ,   100,brute_force         ,     35,             1999000,             1999000,        0
explosion      ,   100,brute_force         ,     36,             1999000,             1999000,        0
explosion      ,   100,brute_force         ,     37,             1999000,             1999000,        0
explosion      ,   100,brute_force         ,     38,             1999000,             1999000,        0
explosion      ,   100,brute_force         ,     39,             1999000,             1999000,        0
explosion      ,   100,uniform_grid        ,      0,             1999000,             1999000,        1
explosion      ,   100,uniform_grid        ,      1,             1999000,             1999000,        1
explosion      ,   100,uniform_grid        ,      2,             1999000,             1999000,        1
explosion      ,   100,uniform_grid        ,      3,             1999000,             1999000,        1
explosion      ,   100,uniform_grid        ,      4,             1999000,             1999000,        1
explosion      ,   100,uniform_grid        ,      5,             1999000,             1999000,        1
explosion      ,   100,uniform_grid        ,      6,             1999000,             1999000,        1
explosion      ,   100,uniform_grid        ,      7,             1999000,             1999000,        1
explosion      ,   100,uniform_grid        ,      8,             1999000,             1999000,        1
explosion      ,   100,uniform_grid        ,      9,             1999000,             1999000,        1
explosion      ,   100,uniform_grid        ,     10,             1999000,             1999000,        1
explosion      ,   100,uniform_grid        ,     11,             1999000,             1999000,        1
explosion      ,   100,uniform_grid        ,     12,             1999000,             1999000,        1
explosion      ,   100,uniform_grid        ,     13,             1999000,             1999000,        1
explosion      ,   100,uniform_grid        ,     14,             1999000,             1999000,        1
explosion      ,   100,uniform_grid        ,     15,             1999000,             1999000,        1
explosion      ,   100,uniform_grid        ,     16,             1999000,             1999000,        1
explosion      ,   100,uniform_grid        ,     17,             1999000,             1999000,        1
explosion      ,   100,uniform_grid        ,     18,             1999000,             1999000,        1
explosion      ,   100,uniform_grid        ,     19,             1999000,             1999000,        1
explosion      ,   100,uniform_grid        ,     20,             1999000,             1999000,        1
explosion      ,   100,uniform_grid        ,     21,             1999000,             1999000,        1
explosion      ,   100,uniform_grid        ,     22,             1999000,             1999000,        1
explosion      ,   100,uniform_grid        ,     23,             1999000,             1999000,        1
explosion      ,   100,uniform_grid        ,     24,             1999000,             1999000,        1
explosion      ,   100,uniform_grid        ,     25,             1999000,             1999000,        1
explosion      ,   100,uniform_grid        ,     26,             1999000,             1999000,        1
explosion      ,   100,uniform_grid        ,     27,             1999000,             1999000,        1
explosion      ,   100,uniform_grid        ,     28,             1999000,             1999000,        1
explosion      ,   100,uniform_grid        ,     29,             1999000,             1999000,        1
explosion      ,   100,uniform_grid        ,     30,             1999000,             1999000,        1
explosion      ,   100,uniform_grid        ,     31,             1999000,             1999000,        1
explosion      ,   100,uniform_grid        ,     32,             1999000,             1999000,        1
explosion      ,   100,uniform_grid        ,     33,             1999000,             1999000,        1
explosion      ,   100,uniform_grid        ,     34,             1999000,             1999000,        1
explosion      ,   100,uniform_grid        ,     35,             1999000,             1999000,        1
explosion      ,   100,uniform_grid        ,     36,             1999000,             1999000,        1
explosion      ,   100,uniform_grid        ,     37,             1999000,             1999000,        1
explosion      ,   100,uniform_grid        ,     38,             1999000,             1999000,        1
explosion      ,   100,uniform_grid        ,     39,             1999000,             1999000,        1
explosion      ,   100,uniform_grid+skin   ,      0,             1999000,             1999000,        1
explosion      ,   100,uniform_grid+skin   ,      1,             1999000,             1999000,        0
explosion      ,   100,uniform_grid+skin   ,      2,             1999000,             1999000,        0
explosion      ,   100,uniform_grid+skin   ,      3,             1999000,             1999000,        0
explosion      ,   100,uniform_grid+skin   ,      4,             1999000,             1999000,        0
explosion      ,   100,uniform_grid+skin   ,      5,             1999000,             1999000,        0
explosion      ,   100,uniform_grid+skin   ,      6,             1999000,             1999000,        0
explosion      ,   100,uniform_grid+skin   ,      7,             1999000,             1999000,        0
explosion      ,   100,uniform_grid+skin   ,      8,             1999000,             1999000,        0
explosion      ,   100,uniform_grid+skin   ,      9,             1999000,             1999000,        0
explosion      ,   100,uniform_grid+skin   ,     10,             1999000,             1999000,        0
explosion      ,   100,uniform_grid+skin   ,     11,             1999000,             1999000,        0
explosion      ,   100,uniform_grid+skin   ,     12,             1999000,             1999000,        0
explosion      ,   100,uniform_grid+skin   ,     13,             1999000,             1999000,        0
explosion      ,   100,uniform_grid+skin   ,     14,             1999000,             1999000,        0
explosion      ,   100,uniform_grid+skin   ,     15,             1999000,             1999000,        0
explosion      ,   100,uniform_grid+skin   ,     16,             1999000,             1999000,        0
explosion      ,   100,uniform_grid+skin   ,     17,             1999000,             1999000,        0
explosion      ,   100,uniform_grid+skin   ,     18,             1999000,             1999000,        0
explosion      ,   100,uniform_grid+skin   ,     19,             1999000,             1999000,        0
explosion      ,   100,uniform_grid+skin   ,     20,             1999000,             1999000,        0
explosion      ,   100,uniform_grid+skin   ,     21,             1999000,             1999000,        0
explosion      ,   100,uniform_grid+skin   ,     22,             1999000,             1999000,        0
explosion      ,   100,uniform_grid+skin   ,     23,             1999000,             1999000,        0
explosion      ,   100,uniform_grid+skin   ,     24,             1999000,             1999000,        0
explosion      ,   100,uniform_grid+skin   ,     25,             1999000,             1999000,        0
explosion      ,   100,uniform_grid+skin   ,     26,             1999000,             1999000,        0
explosion      ,   100,uniform_grid+skin   ,     27,             1999000,             1999000,        0
explosion      ,   100,uniform_grid+skin   ,     28,             1999000,             1999000,        0
explosion      ,   100,uniform_grid+skin   ,     29,             1999000,             1999000,        0
explosion      ,   100,uniform_grid+skin   ,     30,             1999000,             1999000,        0
explosion      ,   100,uniform_grid+skin   ,     31,             1999000,             1999000,        0
explosion      ,   100,uniform_grid+skin   ,     32,             1999000,             1999000,        0
explosion      ,   100,uniform_grid+skin   ,     33,             1999000,             1999000,        0
explosion      ,   100,uniform_grid+skin   ,     34,             1999000,             1999000,        0
explosion      ,   100,uniform_grid+skin   ,     35,             1999000,             1999000,        0
explosion      ,   100,uniform_grid+skin   ,     36,             1999000,             1999000,        0
explosion      ,   100,uniform_grid+skin   ,     37,             1999000,             1999000,        0
explosion      ,   100,uniform_grid+skin   ,     38,             1999000,             1999000,        0
explosion      ,   100,uniform_grid+skin   ,     39,             1999000,             1999000,        0
explosion      ,   100,octree              ,      0,             1999000,             1999000,        1
explosion      ,   100,octree              ,      1,             1999000,             1999000,        1
explosion      ,   100,octree              ,      2,             1999000,             1999000,        1
explosion      ,   100,octree              ,      3,             1999000,             1999000,        1
explosion      ,   100,octree              ,      4,             1999000,             1999000,        1
explosion      ,   100,octree              ,      5,             1999000,             1999000,        1
explosion      ,   100,octree              ,      6,             1999000,             1999000,        1
explosion      ,   100,octree              ,      7,             1999000,             1999000,        1
explosion      ,   100,octree              ,      8,             1999000,             1999000,        1
explosion      ,   100,octree              ,      9,             1999000,             1999000,        1
explosion      ,   100,octree              ,     10,             1999000,             1999000,        1
explosion      ,   100,octree              ,     11,             1999000,             1999000,        1
explosion      ,   100,octree              ,     12,             1999000,             1999000,        1
explosion      ,   100,octree              ,     13,             1999000,             1999000,        1
explosion      ,   100,octree              ,     14,             1999000,             1999000,        1
explosion      ,   100,octree              ,     15,             1999000,             1999000,        1
explosion      ,   100,octree              ,     16,             1999000,             1999000,        1
explosion      ,   100,octree              ,     17,             1999000,             1999000,        1
explosion      ,   100,octree              ,     18,             1999000,             1999000,        1
explosion      ,   100,octree              ,     19,             1999000,             1999000,        1
explosion      ,   100,octree              ,     20,             1999000,             1999000,        1
explosion      ,   100,octree              ,     21,             1999000,             1999000,        1
explosion      ,   100,octree              ,     22,             1999000,             1999000,        1
explosion      ,   100,octree              ,     23,             1999000,             1999000,        1
explosion      ,   100,octree              ,     24,             1999000,             1999000,        1
explosion      ,   100,octree              ,     25,             1999000,             1999000,        1
explosion      ,   100,octree              ,     26,             1999000,             1999000,        1
explosion      ,   100,octree              ,     27,             1999000,             1999000,        1
explosion      ,   100,octree              ,     28,             1999000,             1999000,        1
explosion      ,   100,octree              ,     29,             1999000,             1999000,        1
explosion      ,   100,octree              ,     30,             1999000,             1999000,        1
explosion      ,   100,octree              ,     31,             1999000,             1999000,        1
explosion      ,   100,octree              ,     32,             1999000,             1999000,        1
explosion      ,   100,octree              ,     33,             1999000,             1999000,        1
explosion      ,   100,octree              ,     34,             1999000,             1999000,        1
explosion      ,   100,octree              ,     35,             1999000,             1999000,        1
explosion      ,   100,octree              ,     36,             1999000,             1999000,        1
explosion      ,   100,octree              ,     37,             1999000,             1999000,        1
explosion      ,   100,octree              ,     38,             1999000,             1999000,        1
explosion      ,   100,octree              ,     39,             1999000,             1999000,        1
explosion      ,   100,octree+skin         ,      0,             1999000,             1999000,        1
explosion      ,   100,octree+skin         ,      1,             1999000,             1999000,        0
explosion      ,   100,octree+skin         ,      2,             1999000,             1999000,        0
explosion      ,   100,octree+skin         ,      3,             1999000,             1999000,        0
explosion      ,   100,octree+skin         ,      4,             1999000,             1999000,        0
explosion      ,   100,octree+skin         ,      5,             1999000,             1999000,        0
explosion      ,   100,octree+skin         ,      6,             1999000,             1999000,        0
explosion      ,   100,octree+skin         ,      7,             1999000,             1999000,        0
explosion      ,   100,octree+skin         ,      8,             1999000,             1999000,        0
explosion      ,   100,octree+skin         ,      9,             1999000,             1999000,        0
explosion      ,   100,octree+skin         ,     10,             1999000,             1999000,        0
explosion      ,   100,octree+skin         ,     11,             1999000,             1999000,        0
explosion      ,   100,octree+skin         ,     12,             1999000,             1999000,        0
explosion      ,   100,octree+skin         ,     13,             1999000,             1999000,        0
explosion      ,   100,octree+skin         ,     14,             1999000,             1999000,        0
explosion      ,   100,octree+skin         ,     15,             1999000,             1999000,        0
explosion      ,   100,octree+skin         ,     16,             1999000,             1999000,        0
explosion      ,   100,octree+skin         ,     17,             1999000,             1999000,        0
explosion      ,   100,octree+skin         ,     18,             1999000,             1999000,        0
explosion      ,   100,octree+skin         ,     19,             1999000,             1999000,        0
explosion      ,   100,octree+skin         ,     20,             1999000,             1999000,        0
explosion      ,   100,octree+skin         ,     21,             1999000,             1999000,        0
explosion      ,   100,octree+skin         ,     22,             1999000,             1999000,        0
explosion      ,   100,octree+skin         ,     23,             1999000,             1999000,        0
explosion      ,   100,octree+skin         ,     24,             1999000,             1999000,        0
explosion      ,   100,octree+skin         ,     25,             1999000,             1999000,        0
explosion      ,   100,octree+skin         ,     26,             1999000,             1999000,        0
explosion      ,   100,octree+skin         ,     27,             1999000,             1999000,        0
explosion      ,   100,octree+skin         ,     28,             1999000,             1999000,        0
explosion      ,   100,octree+skin         ,     29,             1999000,             1999000,        0
explosion      ,   100,octree+skin         ,     30,             1999000,             1999000,        0
explosion      ,   100,octree+skin         ,     31,             1999000,             1999000,        0
explosion      ,   100,octree+skin         ,     32,             1999000,             1999000,        0
explosion      ,   100,octree+skin         ,     33,             1999000,             1999000,        0
explosion      ,   100,octree+skin         ,     34,             1999000,             1999000,        0
explosion      ,   100,octree+skin         ,     35,             1999000,             1999000,        0
explosion      ,   100,octree+skin         ,     36,             1999000,             1999000,        0
explosion      ,   100,octree+skin         ,     37,             1999000,             1999000,        0
explosion      ,   100,octree+skin         ,     38,             1999000,             1999000,        0
explosion      ,   100,octree+skin         ,     39,             1999000,             1999000,        0
explosion      ,   200,brute_force         ,      0,             1999000,             1999000,        0
explosion      ,   200,brute_force         ,      1,             1999000,             1999000,        0
explosion      ,   200,brute_force         ,      2,             1999000,             1999000,        0
explosion      ,   200,brute_force         ,      3,             1999000,             1999000,        0
explosion      ,   200,brute_force         ,      4,             1999000,             1999000,        0
explosion      ,   200,brute_force         ,      5,             1999000,             1999000,        0
explosion      ,   200,brute_force         ,      6,             1999000,             1999000,        0
explosion      ,   200,brute_force         ,      7,             1999000,             1999000,        0
explosion      ,   200,brute_force         ,      8,             1999000,             1999000,        0
explosion      ,   200,brute_force         ,      9,             1999000,             1999000,        0
explosion      ,   200,brute_force         ,     10,             1999000,             1999000,        0
explosion      ,   200,brute_force         ,     11,             1999000,             1999000,        0
explosion      ,   200,brute_force         ,     12,             1999000,             1999000,        0
explosion      ,   200,brute_force         ,     13,             1999000,             1999000,        0
explosion      ,   200,brute_force         ,     14,             1999000,             1999000,        0
explosion      ,   200,brute_force         ,     15,             1999000,             1999000,        0
explosion      ,   200,brute_force         ,     16,             1999000,             1999000,        0
explosion      ,   200,brute_force         ,     17,             1999000,             1999000,        0
explosion      ,   200,brute_force         ,     18,             1999000,             1999000,        0
explosion      ,   200,brute_force         ,     19,             1999000,             1999000,        0
explosion      ,   200,brute_force         ,     20,             1999000,             1999000,        0
explosion      ,   200,brute_force         ,     21,             1999000,             1999000,        0
explosion      ,   200,brute_force         ,     22,             1999000,             1999000,        0
explosion      ,   200,brute_force         ,     23,             1999000,             1999000,        0
explosion      ,   200,brute_force         ,     24,             1999000,             1999000,        0
explosion      ,   200,brute_force         ,     25,             1999000,             1999000,        0
explosion      ,   200,brute_force         ,     26,             1999000,             1999000,        0
explosion      ,   200,brute_force         ,     27,             1999000,             1999000,        0
explosion      ,   200,brute_force         ,     28,             1999000,             1999000,        0
explosion      ,   200,brute_force         ,     29,             1999000,             1999000,        0
explosion      ,   200,brute_force         ,     30,             1999000,             1999000,        0
explosion      ,   200,brute_force         ,     31,             1999000,             1999000,        0
explosion      ,   200,brute_force         ,     32,             1999000,             1999000,        0
explosion      ,   200,brute_force         ,     33,             1999000,             1999000,        0
explosion      ,   200,brute_force         ,     34,             1999000,             1999000,        0
explosion      ,   200,brute_force         ,     35,             1999000,             1999000,        0
explosion      ,   200,brute_force         ,     36,             1999000,             1999000,        0
explosion      ,   200,brute_force         ,     37,             1999000,             1999000,        0
explosion      ,   200,brute_force         ,     38,             1999000,             1999000,        0
explosion      ,   200,brute_force         ,     39,             1999000,             1999000,        0
explosion      ,   200,uniform_grid        ,      0,             1999000,             1999000,        1
explosion      ,   200,uniform_grid        ,      1,             1999000,             1999000,        1
explosion      ,   200,uniform_grid        ,      2,             1999000,             1999000,        1
explosion      ,   200,uniform_grid        ,      3,             1999000,             1999000,        1
explosion      ,   200,uniform_grid        ,      4,             1999000,             1999000,        1
explosion      ,   200,uniform_grid        ,      5,             1999000,             1999000,        1
explosion      ,   200,uniform_grid        ,      6,             1999000,             1999000,        1
explosion      ,   200,uniform_grid        ,      7,             1999000,             1999000,        1
explosion      ,   200,uniform_grid        ,      8,             1999000,             1999000,        1
explosion      ,   200,uniform_grid        ,      9,             1999000,             1999000,        1
explosion      ,   200,uniform_grid        ,     10,             1999000,             1999000,        1
explosion      ,   200,uniform_grid        ,     11,             1999000,             1999000,        1
explosion      ,   200,uniform_grid        ,     12,             1999000,             1999000,        1
explosion      ,   200,uniform_grid        ,     13,             1999000,             1999000,        1
explosion      ,   200,uniform_grid        ,     14,             1999000,             1999000,        1
explosion      ,   200,uniform_grid        ,     15,             1999000,             1999000,        1
explosion      ,   200,uniform_grid        ,     16,             1999000,             1999000,        1
explosion      ,   200,uniform_grid        ,     17,             1999000,             1999000,        1
explosion      ,   200,uniform_grid        ,     18,             1999000,             1999000,        1
explosion      ,   200,uniform_grid        ,     19,             1999000,             1999000,        1
explosion      ,   200,uniform_grid        ,     20,             1999000,             1999000,        1
explosion      ,   200,uniform_grid        ,     21,             1999000,             1999000,        1
explosion      ,   200,uniform_grid        ,     22,             1999000,             1999000,        1
explosion      ,   200,uniform_grid        ,     23,             1999000,             1999000,        1
explosion      ,   200,uniform_grid        ,     24,             1999000,             1999000,        1
explosion      ,   200,uniform_grid        ,     25,             1999000,             1999000,        1
explosion      ,   200,uniform_grid        ,     26,             1999000,             1999000,        1
explosion      ,   200,uniform_grid        ,     27,             1999000,             1999000,        1
explosion      ,   200,uniform_grid        ,     28,             1999000,             1999000,        1
explosion      ,   200,uniform_grid        ,     29,             1999000,             1999000,        1
explosion      ,   200,uniform_grid        ,     30,             1999000,             1999000,        1
explosion      ,   200,uniform_grid        ,     31,             1999000,             1999000,        1
explosion      ,   200,uniform_grid        ,     32,             1999000,             1999000,        1
explosion      ,   200,uniform_grid        ,     33,             1999000,             1999000,        1
explosion      ,   200,uniform_grid        ,     34,             1999000,             1999000,        1
explosion      ,   200,uniform_grid        ,     35,             1999000,             1999000,        1
explosion      ,   200,uniform_grid        ,     36,             1999000,             1999000,        1
explosion      ,   200,uniform_grid        ,     37,             1999000,             1999000,        1
explosion      ,   200,uniform_grid        ,     38,             1999000,             1999000,        1
explosion      ,   200,uniform_grid        ,     39,             1999000,             1999000,        1
explosion      ,   200,uniform_grid+skin   ,      0,             1999000,             1999000,        1
explosion      ,   200,uniform_grid+skin   ,      1,             1999000,             1999000,        0
explosion      ,   200,uniform_grid+skin   ,      2,             1999000,             1999000,        0
explosion      ,   200,uniform_grid+skin   ,      3,             1999000,             1999000,        0
explosion      ,   200,uniform_grid+skin   ,      4,             1999000,             1999000,        0
explosion      ,   200,uniform_grid+skin   ,      5,             1999000,             1999000,        0
explosion      ,   200,uniform_grid+skin   ,      6,             1999000,             1999000,        0
explosion      ,   200,uniform_grid+skin   ,      7,             1999000,             1999000,        0
explosion      ,   200,uniform_grid+skin   ,      8,             1999000,             1999000,        0
explosion      ,   200,uniform_grid+skin   ,      9,             1999000,             1999000,        0
explosion      ,   200,uniform_grid+skin   ,     10,             1999000,             1999000,        0
explosion      ,   200,uniform_grid+skin   ,     11,             1999000,             1999000,        0
explosion      ,   200,uniform_grid+skin   ,     12,             1999000,             1999000,        0
explosion      ,   200,uniform_grid+skin   ,     13,             1999000,             1999000,        0
explosion      ,   200,uniform_grid+skin   ,     14,             1999000,             1999000,        0
explosion      ,   200,uniform_grid+skin   ,     15,             1999000,             1999000,        0
explosion      ,   200,uniform_grid+skin   ,     16,             1999000,             1999000,        0
explosion      ,   200,uniform_grid+skin   ,     17,             1999000,             1999000,        0
explosion      ,   200,uniform_grid+skin   ,     18,             1999000,             1999000,        0
explosion      ,   200,uniform_grid+skin   ,     19,             1999000,             1999000,        0
explosion      ,   200,uniform_grid+skin   ,     20,             1999000,             1999000,        0
explosion      ,   200,uniform_grid+skin   ,     21,             1999000,             1999000,        0
explosion      ,   200,uniform_grid+skin   ,     22,             1999000,             1999000,        0
explosion      ,   200,uniform_grid+skin   ,     23,             1999000,             1999000,        0
explosion      ,   200,uniform_grid+skin   ,     24,             1999000,             1999000,        0
explosion      ,   200,uniform_grid+skin   ,     25,             1999000,             1999000,        0
explosion      ,   200,uniform_grid+skin   ,     26,             1999000,             1999000,        0
explosion      ,   200,uniform_grid+skin   ,     27,             1999000,             1999000,        0
explosion      ,   200,uniform_grid+skin   ,     28,             1999000,             1999000,        0
explosion      ,   200,uniform_grid+skin   ,     29,             1999000,             1999000,        0
explosion      ,   200,uniform_grid+skin   ,     30,             1999000,             1999000,        0
explosion      ,   200,uniform_grid+skin   ,     31,             1999000,             1999000,        0
explosion      ,   200,uniform_grid+skin   ,     32,             1999000,             1999000,        0
explosion      ,   200,uniform_grid+skin   ,     33,             1999000,             1999000,        0
explosion      ,   200,uniform_grid+skin   ,     34,             1999000,             1999000,        0
explosion      ,   200,uniform_grid+skin   ,     35,             1999000,             1999000,        0
explosion      ,   200,uniform_grid+skin   ,     36,             1999000,             1999000,        0
explosion      ,   200,uniform_grid+skin   ,     37,             1999000,             1999000,        0
explosion      ,   200,uniform_grid+skin   ,     38,             1999000,             1999000,        0
explosion      ,   200,uniform_grid+skin   ,     39,             1999000,             1999000,        0
explosion      ,   200,octree              ,      0,             1999000,             1999000,        1
explosion      ,   200,octree              ,      1,             1999000,             1999000,        1
explosion      ,   200,octree              ,      2,             1999000,             1999000,        1
explosion      ,   200,octree              ,      3,             1999000,             1999000,        1
explosion      ,   200,octree              ,      4,             1999000,             1999000,        1
explosion      ,   200,octree              ,      5,             1999000,             1999000,        1
explosion      ,   200,octree              ,      6,             1999000,             1999000,        1
explosion      ,   200,octree              ,      7,             1999000,             1999000,        1
explosion      ,   200,octree              ,      8,             1999000,             1999000,        1
explosion      ,   200,octree              ,      9,             1999000,             1999000,        1
explosion      ,   200,octree              ,     10,             1999000,             1999000,        1
explosion      ,   200,octree              ,     11,             1999000,             1999000,        1
explosion      ,   200,octree              ,     12,             1999000,             1999000,        1
explosion      ,   200,octree              ,     13,             1999000,             1999000,        1
explosion      ,   200,octree              ,     14,             1999000,             1999000,        1
explosion      ,   200,octree              ,     15,             1999000,             1999000,        1
explosion      ,   200,octree              ,     16,             1999000,             1999000,        1
explosion      ,   200,octree              ,     17,             1999000,             1999000,        1
explosion      ,   200,octree              ,     18,             1999000,             1999000,        1
explosion      ,   200,octree              ,     19,             1999000,             1999000,        1
explosion      ,   200,octree              ,     20,             1999000,             1999000,        1
explosion      ,   200,octree              ,     21,             1999000,             1999000,        1
explosion      ,   200,octree              ,     22,             1999000,             1999000,        1
explosion      ,   200,octree              ,     23,             1999000,             1999000,        1
explosion      ,   200,octree              ,     24,             1999000,             1999000,        1
explosion      ,   200,octree              ,     25,             1999000,             1999000,        1
explosion      ,   200,octree              ,     26,             1999000,             1999000,        1
explosion      ,   200,octree              ,     27,             1999000,             1999000,        1
explosion      ,   200,octree              ,     28,             1999000,             1999000,        1
explosion      ,   200,octree              ,     29,             1999000,             1999000,        1
explosion      ,   200,octree              ,     30,             1999000,             1999000,        1
explosion      ,   200,octree              ,     31,             1999000,             1999000,        1
explosion      ,   200,octree              ,     32,             1999000,             1999000,        1
explosion      ,   200,octree              ,     33,             1999000,             1999000,        1
explosion      ,   200,octree              ,     34,             1999000,             1999000,        1
explosion      ,   200,octree              ,     35,             1999000,             1999000,        1
explosion      ,   200,octree              ,     36,             1999000,             1999000,        1
explosion      ,   200,octree              ,     37,             1999000,             1999000,        1
explosion      ,   200,octree              ,     38,             1999000,             1999000,        1
explosion      ,   200,octree              ,     39,             1999000,             1999000,        1
explosion      ,   200,octree+skin         ,      0,             1999000,             1999000,        1
explosion      ,   200,octree+skin         ,      1,             1999000,             1999000,        0
explosion      ,   200,octree+skin         ,      2,             1999000,             1999000,        0
explosion      ,   200,octree+skin         ,      3,             1999000,             1999000,        0
explosion      ,   200,octree+skin         ,      4,             1999000,             1999000,        0
explosion      ,   200,octree+skin         ,      5,             1999000,             1999000,        0
explosion      ,   200,octree+skin         ,      6,             1999000,             1999000,        0
explosion      ,   200,octree+skin         ,      7,             1999000,             1999000,        0
explosion      ,   200,octree+skin         ,      8,             1999000,             1999000,        0
explosion      ,   200,octree+skin         ,      9,             1999000,             1999000,        0
explosion      ,   200,octree+skin         ,     10,             1999000,             1999000,        0
explosion      ,   200,octree+skin         ,     11,             1999000,             1999000,        0
explosion      ,   200,octree+skin         ,     12,             1999000,             1999000,        0
explosion      ,   200,octree+skin         ,     13,             1999000,             1999000,        0
explosion      ,   200,octree+skin         ,     14,             1999000,             1999000,        0
explosion      ,   200,octree+skin         ,     15,             1999000,             1999000,        0
explosion      ,   200,octree+skin         ,     16,             1999000,             1999000,        0
explosion      ,   200,octree+skin         ,     17,             1999000,             1999000,        0
explosion      ,   200,octree+skin         ,     18,             1999000,             1999000,        0
explosion      ,   200,octree+skin         ,     19,             1999000,             1999000,        0
explosion      ,   200,octree+skin         ,     20,             1999000,             1999000,        0
explosion      ,   200,octree+skin         ,     21,             1999000,             1999000,        0
explosion      ,   200,octree+skin         ,     22,             1999000,             1999000,        0
explosion      ,   200,octree+skin         ,     23,             1999000,             1999000,        0
explosion      ,   200,octree+skin         ,     24,             1999000,             1999000,        0
explosion      ,   200,octree+skin         ,     25,             1999000,             1999000,        0
explosion      ,   200,octree+skin         ,     26,             1999000,             1999000,        0
explosion      ,   200,octree+skin         ,     27,             1999000,             1999000,        0
explosion      ,   200,octree+skin         ,     28,             1999000,             1999000,        0
explosion      ,   200,octree+skin         ,     29,             1999000,             1999000,        0
explosion      ,   200,octree+skin         ,     30,             1999000,             1999000,        0
explosion      ,   200,octree+skin         ,     31,             1999000,             1999000,        0
explosion      ,   200,octree+skin         ,     32,             1999000,             1999000,        0
explosion      ,   200,octree+skin         ,     33,             1999000,             1999000,        0
explosion      ,   200,octree+skin         ,     34,             1999000,             1999000,        0
explosion      ,   200,octree+skin         ,     35,             1999000,             1999000,        0
explosion      ,   200,octree+skin         ,     36,             1999000,             1999000,        0
explosion      ,   200,octree+skin         ,     37,             1999000,             1999000,        0
explosion      ,   200,octree+skin         ,     38,             1999000,             1999000,        0
explosion      ,   200,octree+skin         ,     39,             1999000,             1999000,        0
explosion      ,   500,brute_force         ,      0,             1999000,             1999000,        0
explosion      ,   500,brute_force         ,      1,             1999000,             1999000,        0
explosion      ,   500,brute_force         ,      2,             1999000,             1999000,        0
explosion      ,   500,brute_force         ,      3,             1999000,             1999000,        0
explosion      ,   500,brute_force         ,      4,             1999000,             1999000,        0
explosion      ,   500,brute_force         ,      5,             1999000,             1999000,        0
explosion      ,   500,brute_force         ,      6,             1999000,             1999000,        0
explosion      ,   500,brute_force         ,      7,             1999000,             1999000,        0
explosion      ,   500,brute_force         ,      8,             1999000,             1999000,        0
explosion      ,   500,brute_force         ,      9,             1999000,             1999000,        0
explosion      ,   500,brute_force         ,     10,             1999000,             1999000,        0
explosion      ,   500,brute_force         ,     11,             1999000,             1999000,        0
explosion      ,   500,brute_force         ,     12,             1999000,             1999000,        0
explosion      ,   500,brute_force         ,     13,             1999000,             1999000,        0
explosion      ,   500,brute_force         ,     14,             1999000,             1999000,        0
explosion      ,   500,brute_force         ,     15,             1999000,             1999000,        0
explosion      ,   500,brute_force         ,     16,             1999000,             1999000,        0
explosion      ,   500,brute_force         ,     17,             1999000,             1999000,        0
explosion      ,   500,brute_force         ,     18,             1999000,             1999000,        0
explosion      ,   500,brute_force         ,     19,             1999000,             1999000,        0
explosion      ,   500,brute_force         ,     20,             1999000,             1999000,        0
explosion      ,   500,brute_force         ,     21,             1999000,             1999000,        0
explosion      ,   500,brute_force         ,     22,             1999000,             1999000,        0
explosion      ,   500,brute_force         ,     23,             1999000,             1999000,        0
explosion      ,   500,brute_force         ,     24,             1999000,             1999000,        0
explosion      ,   500,brute_force         ,     25,             1999000,             1999000,        0
explosion      ,   500,brute_force         ,     26,             1999000,             1999000,        0
explosion      ,   500,brute_force         ,     27,             1999000,             1999000,        0
explosion      ,   500,brute_force         ,     28,             1999000,             1999000,        0
explosion      ,   500,brute_force         ,     29,             1999000,             1999000,        0
explosion      ,   500,brute_force         ,     30,             1999000,             1999000,        0
explosion      ,   500,brute_force         ,     31,             1999000,             1999000,        0
explosion      ,   500,brute_force         ,     32,             1999000,             1999000,        0
explosion      ,   500,brute_force         ,     33,             1999000,             1999000,        0
explosion      ,   500,brute_force         ,     34,             1999000,             1999000,        0
explosion      ,   500,brute_force         ,     35,             1999000,             1999000,        0
explosion      ,   500,brute_force         ,     36,             1999000,             1999000,        0
explosion      ,   500,brute_force         ,     37,             1999000,             1999000,        0
explosion      ,   500,brute_force         ,     38,             1999000,             1999000,        0
explosion      ,   500,brute_force         ,     39,             1999000,             1999000,        0
explosion      ,   500,uniform_grid        ,      0,             1999000,             1999000,        1
explosion      ,   500,uniform_grid        ,      1,             1999000,             1999000,        1
explosion      ,   500,uniform_grid        ,      2,             1999000,             1999000,        1
explosion      ,   500,uniform_grid        ,      3,             1999000,             1999000,        1
explosion      ,   500,uniform_grid        ,      4,             1999000,             1999000,        1
explosion      ,   500,uniform_grid        ,      5,             1999000,             1999000,        1
explosion      ,   500,uniform_grid        ,      6,             1999000,             1999000,        1
explosion      ,   500,uniform_grid        ,      7,             1999000,             1999000,        1
explosion      ,   500,uniform_grid        ,      8,             1999000,             1999000,        1
explosion      ,   500,uniform_grid        ,      9,             1999000,             1999000,        1
explosion      ,   500,uniform_grid        ,     10,             1999000,             1999000,        1
explosion      ,   500,uniform_grid        ,     11,             1999000,             1999000,        1
explosion      ,   500,uniform_grid        ,     12,             1999000,             1999000,        1
explosion      ,   500,uniform_grid        ,     13,             1999000,             1999000,        1
explosion      ,   500,uniform_grid        ,     14,             1999000,             1999000,        1
explosion      ,   500,uniform_grid        ,     15,             1999000,             1999000,        1
explosion      ,   500,uniform_grid        ,     16,             1999000,             1999000,        1
explosion      ,   500,uniform_grid        ,     17,             1999000,             1999000,        1
explosion      ,   500,uniform_grid        ,     18,             1999000,             1999000,        1
explosion      ,   500,uniform_grid        ,     19,             1999000,             1999000,        1
explosion      ,   500,uniform_grid        ,     20,             1999000,             1999000,        1
explosion      ,   500,uniform_grid        ,     21,             1999000,             1999000,        1
explosion      ,   500,uniform_grid        ,     22,             1999000,             1999000,        1
explosion      ,   500,uniform_grid        ,     23,             1999000,             1999000,        1
explosion      ,   500,uniform_grid        ,     24,             1999000,             1999000,        1
explosion      ,   500,uniform_grid        ,     25,             1999000,             1999000,        1
explosion      ,   500,uniform_grid        ,     26,             1999000,             1999000,        1
explosion      ,   500,uniform_grid        ,     27,             1999000,             1999000,        1
explosion      ,   500,uniform_grid        ,     28,             1999000,             1999000,        1
explosion      ,   500,uniform_grid        ,     29,             1999000,             1999000,        1
explosion      ,   500,uniform_grid        ,     30,             1999000,             1999000,        1
explosion      ,   500,uniform_grid        ,     31,             1999000,             1999000,        1
explosion      ,   500,uniform_grid        ,     32,             1999000,             1999000,        1
explosion      ,   500,uniform_grid        ,     33,             1999000,             1999000,        1
explosion      ,   500,uniform_grid        ,     34,             1999000,             1999000,        1
explosion      ,   500,uniform_grid        ,     35,             1999000,             1999000,        1
explosion      ,   500,uniform_grid        ,     36,             1999000,             1999000,        1
explosion      ,   500,uniform_grid        ,     37,             1999000,             1999000,        1
explosion      ,   500,uniform_grid        ,     38,             1999000,             1999000,        1
explosion      ,   500,uniform_grid        ,     39,             1999000,             1999000,        1
explosion      ,   500,uniform_grid+skin   ,      0,             1999000,             1999000,        1
explosion      ,   500,uniform_grid+skin   ,      1,             1999000,             1999000,        0
explosion      ,   500,uniform_grid+skin   ,      2,             1999000,             1999000,        0
explosion      ,   500,uniform_grid+skin   ,      3,             1999000,             1999000,        0
explosion      ,   500,uniform_grid+skin   ,      4,             1999000,             1999000,        0
explosion      ,   500,uniform_grid+skin   ,      5,             1999000,             1999000,        0
explosion      ,   500,uniform_grid+skin   ,      6,             1999000,             1999000,        0
explosion      ,   500,uniform_grid+skin   ,      7,             1999000,             1999000,        0
explosion      ,   500,uniform_grid+skin   ,      8,             1999000,             1999000,        0
explosion      ,   500,uniform_grid+skin   ,      9,             1999000,             1999000,        0
explosion      ,   500,uniform_grid+skin   ,     10,             1999000,             1999000,        0
explosion      ,   500,uniform_grid+skin   ,     11,             1999000,             1999000,        0
explosion      ,   500,uniform_grid+skin   ,     12,             1999000,             1999000,        0
explosion      ,   500,uniform_grid+skin   ,     13,             1999000,             1999000,        0
explosion      ,   500,uniform_grid+skin   ,     14,             1999000,             1999000,        0
explosion      ,   500,uniform_grid+skin   ,     15,             1999000,             1999000,        0
explosion      ,   500,uniform_grid+skin   ,     16,             1999000,             1999000,        0
explosion      ,   500,uniform_grid+skin   ,     17,             1999000,             1999000,        0
explosion      ,   500,uniform_grid+skin   ,     18,             1999000,             1999000,        0
explosion      ,   500,uniform_grid+skin   ,     19,             1999000,             1999000,        0
explosion      ,   500,uniform_grid+skin   ,     20,             1999000,             1999000,        0
explosion      ,   500,uniform_grid+skin   ,     21,             1999000,             1999000,        0
explosion      ,   500,uniform_grid+skin   ,     22,             1999000,             1999000,        0
explosion      ,   500,uniform_grid+skin   ,     23,             1999000,             1999000,        0
explosion      ,   500,uniform_grid+skin   ,     24,             1999000,             1999000,        0
explosion      ,   500,uniform_grid+skin   ,     25,             1999000,             1999000,        0
explosion      ,   500,uniform_grid+skin   ,     26,             1999000,             1999000,        0
explosion      ,   500,uniform_grid+skin   ,     27,             1999000,             1999000,        0
explosion      ,   500,uniform_grid+skin   ,     28,             1999000,             1999000,        0
explosion      ,   500,uniform_grid+skin   ,     29,             1999000,             1999000,        0
explosion      ,   500,uniform_grid+skin   ,     30,             1999000,             1999000,        0
explosion      ,   500,uniform_grid+skin   ,     31,             1999000,             1999000,        0
explosion      ,   500,uniform_grid+skin   ,     32,             1999000,             1999000,        0
explosion      ,   500,uniform_grid+skin   ,     33,             1999000,             1999000,        0
explosion      ,   500,uniform_grid+skin   ,     34,             1999000,             1999000,        0
explosion      ,   500,uniform_grid+skin   ,     35,             1999000,             1999000,        0
explosion      ,   500,uniform_grid+skin   ,     36,             1999000,             1999000,        0
explosion      ,   500,uniform_grid+skin   ,     37,             1999000,             1999000,        0
explosion      ,   500,uniform_grid+skin   ,     38,             1999000,             1999000,        0
explosion      ,   500,uniform_grid+skin   ,     39,             1999000,             1999000,        0
explosion      ,   500,octree              ,      0,             1999000,             1999000,        1
explosion      ,   500,octree              ,      1,             1999000,             1999000,        1
explosion      ,   500,octree              ,      2,             1999000,             1999000,        1
explosion      ,   500,octree              ,      3,             1999000,             1999000,        1
explosion      ,   500,octree              ,      4,             1999000,             1999000,        1
explosion      ,   500,octree              ,      5,             1999000,             1999000,        1
explosion      ,   500,octree              ,      6,             1999000,             1999000,        1
explosion      ,   500,octree              ,      7,             1999000,             1999000,        1
explosion      ,   500,octree              ,      8,             1999000,             1999000,        1
explosion      ,   500,octree              ,      9,             1999000,             1999000,        1
explosion      ,   500,octree              ,     10,             1999000,             1999000,        1
explosion      ,   500,octree              ,     11,             1999000,             1999000,        1
explosion      ,   500,octree              ,     12,             1999000,             1999000,        1
explosion      ,   500,octree              ,     13,             1999000,             1999000,        1
explosion      ,   500,octree              ,     14,             1999000,             1999000,        1
explosion      ,   500,octree              ,     15,             1999000,             1999000,        1
explosion      ,   500,octree              ,     16,             1999000,             1999000,        1
explosion      ,   500,octree              ,     17,             1999000,             1999000,        1
explosion      ,   500,octree              ,     18,             1999000,             1999000,        1
explosion      ,   500,octree              ,     19,             1999000,             1999000,        1
explosion      ,   500,octree              ,     20,             1999000,             1999000,        1
explosion      ,   500,octree              ,     21,             1999000,             1999000,        1
explosion      ,   500,octree              ,     22,             1999000,             1999000,        1
explosion      ,   500,octree              ,     23,             1999000,             1999000,        1
explosion      ,   500,octree              ,     24,             1999000,             1999000,        1
explosion      ,   500,octree              ,     25,             1999000,             1999000,        1
explosion      ,   500,octree              ,     26,             1999000,             1999000,        1
explosion      ,   500,octree              ,     27,             1999000,             1999000,        1
explosion      ,   500,octree              ,     28,             1999000,             1999000,        1
explosion      ,   500,octree              ,     29,             1999000,             1999000,        1
explosion      ,   500,octree              ,     30,             1999000,             1999000,        1
explosion      ,   500,octree              ,     31,             1999000,             1999000,        1
explosion      ,   500,octree              ,     32,             1999000,             1999000,        1
explosion      ,   500,octree              ,     33,             1999000,             1999000,        1
explosion      ,   500,octree              ,     34,             1999000,             1999000,        1
explosion      ,   500,octree              ,     35,             1999000,             1999000,        1
explosion      ,   500,octree              ,     36,             1999000,             1999000,        1
explosion      ,   500,octree              ,     37,             1999000,             1999000,        1
explosion      ,   500,octree              ,     38,             1999000,             1999000,        1
explosion      ,   500,octree              ,     39,             1999000,             1999000,        1
explosion      ,   500,octree+skin         ,      0,             1999000,             1999000,        1
explosion      ,   500,octree+skin         ,      1,             1999000,             1999000,        0
explosion      ,   500,octree+skin         ,      2,             1999000,             1999000,        0
explosion      ,   500,octree+skin         ,      3,             1999000,             1999000,        0
explosion      ,   500,octree+skin         ,      4,             1999000,             1999000,        0
explosion      ,   500,octree+skin         ,      5,             1999000,             1999000,        0
explosion      ,   500,octree+skin         ,      6,             1999000,             1999000,        0
explosion      ,   500,octree+skin         ,      7,             1999000,             1999000,        0
explosion      ,   500,octree+skin         ,      8,             1999000,             1999000,        0
explosion      ,   500,octree+skin         ,      9,             1999000,             1999000,        0
explosion      ,   500,octree+skin         ,     10,             1999000,             1999000,        0
explosion      ,   500,octree+skin         ,     11,             1999000,             1999000,        0
explosion      ,   500,octree+skin         ,     12,             1999000,             1999000,        0
explosion      ,   500,octree+skin         ,     13,             1999000,             1999000,        0
explosion      ,   500,octree+skin         ,     14,             1999000,             1999000,        0
explosion      ,   500,octree+skin         ,     15,             1999000,             1999000,        0
explosion      ,   500,octree+skin         ,     16,             1999000,             1999000,        0
explosion      ,   500,octree+skin         ,     17,             1999000,             1999000,        0
explosion      ,   500,octree+skin         ,     18,             1999000,             1999000,        0
explosion      ,   500,octree+skin         ,     19,             1999000,             1999000,        0
explosion      ,   500,octree+skin         ,     20,             1999000,             1999000,        0
explosion      ,   500,octree+skin         ,     21,             1999000,             1999000,        0
explosion      ,   500,octree+skin         ,     22,             1999000,             1999000,        0
explosion      ,   500,octree+skin         ,     23,             1999000,             1999000,        0
explosion      ,   500,octree+skin         ,     24,             1999000,             1999000,        0
explosion      ,   500,octree+skin         ,     25,             1999000,             1999000,        0
explosion      ,   500,octree+skin         ,     26,             1999000,             1999000,        0
explosion      ,   500,octree+skin         ,     27,             1999000,             1999000,        0
explosion      ,   500,octree+skin         ,     28,             1999000,             1999000,        0
explosion      ,   500,octree+skin         ,     29,             1999000,             1999000,        0
explosion      ,   500,octree+skin         ,     30,             1999000,             1999000,        0
explosion      ,   500,octree+skin         ,     31,             1999000,             1999000,        0
explosion      ,   500,octree+skin         ,     32,             1999000,             1999000,        0
explosion      ,   500,octree+skin         ,     33,             1999000,             1999000,        0
explosion      ,   500,octree+skin         ,     34,             1999000,             1999000,        0
explosion      ,   500,octree+skin         ,     35,             1999000,             1999000,        0
explosion      ,   500,octree+skin         ,     36,             1999000,             1999000,        0
explosion      ,   500,octree+skin         ,     37,             1999000,             1999000,        0
explosion      ,   500,octree+skin         ,     38,             1999000,             1999000,        0
explosion      ,   500,octree+skin         ,     39,             1999000,             1999000,        0
explosion      ,  1000,brute_force         ,      0,             1999000,             1999000,        0
explosion      ,  1000,brute_force         ,      1,             1999000,             1999000,        0
explosion      ,  1000,brute_force         ,      2,             1999000,             1999000,        0
explosion      ,  1000,brute_force         ,      3,             1999000,             1999000,        0
explosion      ,  1000,brute_force         ,      4,             1999000,             1999000,        0
explosion      ,  1000,brute_force         ,      5,             1999000,             1999000,        0
explosion      ,  1000,brute_force         ,      6,             1999000,             1999000,        0
explosion      ,  1000,brute_force         ,      7,             1999000,             1999000,        0
explosion      ,  1000,brute_force         ,      8,             1999000,             1999000,        0
explosion      ,  1000,brute_force         ,      9,             1999000,             1999000,        0
explosion      ,  1000,brute_force         ,     10,             1999000,             1999000,        0
explosion      ,  1000,brute_force         ,     11,             1999000,             1999000,        0
explosion      ,  1000,brute_force         ,     12,             1999000,             1999000,        0
explosion      ,  1000,brute_force         ,     13,             1999000,             1999000,        0
explosion      ,  1000,brute_force         ,     14,             1999000,             1999000,        0
explosion      ,  1000,brute_force         ,     15,             1999000,             1999000,        0
explosion      ,  1000,brute_force         ,     16,             1999000,             1999000,        0
explosion      ,  1000,brute_force         ,     17,             1999000,             1999000,        0
explosion      ,  1000,brute_force         ,     18,             1999000,             1999000,        0
explosion      ,  1000,brute_force         ,     19,             1999000,             1999000,        0
explosion      ,  1000,brute_force         ,     20,             1999000,             1999000,        0
explosion      ,  1000,brute_force         ,     21,             1999000,             1999000,        0
explosion      ,  1000,brute_force         ,     22,             1999000,             1999000,        0
explosion      ,  1000,brute_force         ,     23,             1999000,             1999000,        0
explosion      ,  1000,brute_force         ,     24,             1999000,             1999000,        0
explosion      ,  1000,brute_force         ,     25,             1999000,             1999000,        0
explosion      ,  1000,brute_force         ,     26,             1999000,             1999000,        0
explosion      ,  1000,brute_force         ,     27,             1999000,             1999000,        0
explosion      ,  1000,brute_force         ,     28,             1999000,             1999000,        0
explosion      ,  1000,brute_force         ,     29,             1999000,             1999000,        0
explosion      ,  1000,brute_force         ,     30,             1999000,             1999000,        0
explosion      ,  1000,brute_force         ,     31,             1999000,             1999000,        0
explosion      ,  1000,brute_force         ,     32,             1999000,             1999000,        0
explosion      ,  1000,brute_force         ,     33,             1999000,             1999000,        0
explosion      ,  1000,brute_force         ,     34,             1999000,             1999000,        0
explosion      ,  1000,brute_force         ,     35,             1999000,             1999000,        0
explosion      ,  1000,brute_force         ,     36,             1999000,             1999000,        0
explosion      ,  1000,brute_force         ,     37,             1999000,             1999000,        0
explosion      ,  1000,brute_force         ,     38,             1999000,             1999000,        0
explosion      ,  1000,brute_force         ,     39,             1999000,             1999000,        0
explosion      ,  1000,uniform_grid        ,      0,             1999000,             1999000,        1
explosion      ,  1000,uniform_grid        ,      1,             1999000,             1999000,        1
explosion      ,  1000,uniform_grid        ,      2,             1999000,             1999000,        1
explosion      ,  1000,uniform_grid        ,      3,             1999000,             1999000,        1
explosion      ,  1000,uniform_grid        ,      4,             1999000,             1999000,        1
explosion      ,  1000,uniform_grid        ,      5,             1999000,             1999000,        1
explosion      ,  1000,uniform_grid        ,      6,             1999000,             1999000,        1
explosion      ,  1000,uniform_grid        ,      7,             1999000,             1999000,        1
explosion      ,  1000,uniform_grid        ,      8,             1999000,             1999000,        1
explosion      ,  1000,uniform_grid        ,      9,             1999000,             1999000,        1
explosion      ,  1000,uniform_grid        ,     10,             1999000,             1999000,        1
explosion      ,  1000,uniform_grid        ,     11,             1999000,             1999000,        1
explosion      ,  1000,uniform_grid        ,     12,             1999000,             1999000,        1
explosion      ,  1000,uniform_grid        ,     13,             1999000,             1999000,        1
explosion      ,  1000,uniform_grid        ,     14,             1999000,             1999000,        1
explosion      ,  1000,uniform_grid        ,     15,             1999000,             1999000,        1
explosion      ,  1000,uniform_grid        ,     16,             1999000,             1999000,        1
explosion      ,  1000,uniform_grid        ,     17,             1999000,             1999000,        1
explosion      ,  1000,uniform_grid        ,     18,             1999000,             1999000,        1
explosion      ,  1000,uniform_grid        ,     19,             1999000,             1999000,        1
explosion      ,  1000,uniform_grid        ,     20,             1999000,             1999000,        1
explosion      ,  1000,uniform_grid        ,     21,             1999000,             1999000,        1
explosion      ,  1000,uniform_grid        ,     22,             1999000,             1999000,        1
explosion      ,  1000,uniform_grid        ,     23,             1999000,             1999000,        1
explosion      ,  1000,uniform_grid        ,     24,             1999000,             1999000,        1
explosion      ,  1000,uniform_grid        ,     25,             1999000,             1999000,        1
explosion      ,  1000,uniform_grid        ,     26,             1999000,             1999000,        1
explosion      ,  1000,uniform_grid        ,     27,             1999000,             1999000,        1
explosion      ,  1000,uniform_grid        ,     28,             1999000,             1999000,        1
explosion      ,  1000,uniform_grid        ,     29,             1999000,             1999000,        1
explosion      ,  1000,uniform_grid        ,     30,             1999000,             1999000,        1
explosion      ,  1000,uniform_grid        ,     31,             1999000,             1999000,        1
explosion      ,  1000,uniform_grid        ,     32,             1999000,             1999000,        1
explosion      ,  1000,uniform_grid        ,     33,             1999000,             1999000,        1
explosion      ,  1000,uniform_grid        ,     34,             1999000,             1999000,        1
explosion      ,  1000,uniform_grid        ,     35,             1999000,             1999000,        1
explosion      ,  1000,uniform_grid        ,     36,             1999000,             1999000,        1
explosion      ,  1000,uniform_grid        ,     37,             1999000,             1999000,        1
explosion      ,  1000,uniform_grid        ,     38,             1999000,             1999000,        1
explosion      ,  1000,uniform_grid        ,     39,             1999000,             1999000,        1
explosion      ,  1000,uniform_grid+skin   ,      0,             1999000,             1999000,        1
explosion      ,  1000,uniform_grid+skin   ,      1,             1999000,             1999000,        0
explosion      ,  1000,uniform_grid+skin   ,      2,             1999000,             1999000,        0
explosion      ,  1000,uniform_grid+skin   ,      3,             1999000,             1999000,        0
explosion      ,  1000,uniform_grid+skin   ,      4,             1999000,             1999000,        0
explosion      ,  1000,uniform_grid+skin   ,      5,             1999000,             1999000,        0
explosion      ,  1000,uniform_grid+skin   ,      6,             1999000,             1999000,        0
explosion      ,  1000,uniform_grid+skin   ,      7,             1999000,             1999000,        0
explosion      ,  1000,uniform_grid+skin   ,      8,             1999000,             1999000,        0
explosion      ,  1000,uniform_grid+skin   ,      9,             1999000,             1999000,        0
explosion      ,  1000,uniform_grid+skin   ,     10,             1999000,             1999000,        0
explosion      ,  1000,uniform_grid+skin   ,     11,             1999000,             1999000,        0
explosion      ,  1000,uniform_grid+skin   ,     12,             1999000,             1999000,        0
explosion      ,  1000,uniform_grid+skin   ,     13,             1999000,             1999000,        0
explosion      ,  1000,uniform_grid+skin   ,     14,             1999000,             1999000,        0
explosion      ,  1000,uniform_grid+skin   ,     15,             1999000,             1999000,        0
explosion      ,  1000,uniform_grid+skin   ,     16,             1999000,             1999000,        0
explosion      ,  1000,uniform_grid+skin   ,     17,             1999000,             1999000,        0
explosion      ,  1000,uniform_grid+skin   ,     18,             1999000,             1999000,        0
explosion      ,  1000,uniform_grid+skin   ,     19,             1999000,             1999000,        0
explosion      ,  1000,uniform_grid+skin   ,     20,             1999000,             1999000,        0
explosion      ,  1000,uniform_grid+skin   ,     21,             1999000,             1999000,        0
explosion      ,  1000,uniform_grid+skin   ,     22,             1999000,             1999000,        0
explosion      ,  1000,uniform_grid+skin   ,     23,             1999000,             1999000,        0
explosion      ,  1000,uniform_grid+skin   ,     24,             1999000,             1999000,        0
explosion      ,  1000,uniform_grid+skin   ,     25,             1999000,             1999000,        0
explosion      ,  1000,uniform_grid+skin   ,     26,             1999000,             1999000,        0
explosion      ,  1000,uniform_grid+skin   ,     27,             1999000,             1999000,        0
explosion      ,  1000,uniform_grid+skin   ,     28,             1999000,             1999000,        0
explosion      ,  1000,uniform_grid+skin   ,     29,             1999000,             1999000,        0
explosion      ,  1000,uniform_grid+skin   ,     30,             1999000,             1999000,        0
explosion      ,  1000,uniform_grid+skin   ,     31,             1999000,             1999000,        0
explosion      ,  1000,uniform_grid+skin   ,     32,             1999000,             1999000,        0
explosion      ,  1000,uniform_grid+skin   ,     33,             1999000,             1999000,        0
explosion      ,  1000,uniform_grid+skin   ,     34,             1999000,             1999000,        0
explosion      ,  1000,uniform_grid+skin   ,     35,             1999000,             1999000,        0
explosion      ,  1000,uniform_grid+skin   ,     36,             1999000,             1999000,        0
explosion      ,  1000,uniform_grid+skin   ,     37,             1999000,             1999000,        0
explosion      ,  1000,uniform_grid+skin   ,     38,             1999000,             1999000,        0
explosion      ,  1000,uniform_grid+skin   ,     39,             1999000,             1999000,        0
explosion      ,  1000,octree              ,      0,             1999000,             1999000,        1
explosion      ,  1000,octree              ,      1,             1999000,             1999000,        1
explosion      ,  1000,octree              ,      2,             1999000,             1999000,        1
explosion      ,  1000,octree              ,      3,             1999000,             1999000,        1
explosion      ,  1000,octree              ,      4,             1999000,             1999000,        1
explosion      ,  1000,octree              ,      5,             1999000,             1999000,        1
explosion      ,  1000,octree              ,      6,             1999000,             1999000,        1
explosion      ,  1000,octree              ,      7,             1999000,             1999000,        1
explosion      ,  1000,octree              ,      8,             1999000,             1999000,        1
explosion      ,  1000,octree              ,      9,             1999000,             1999000,        1
explosion      ,  1000,octree              ,     10,             1999000,             1999000,        1
explosion      ,  1000,octree              ,     11,             1999000,             1999000,        1
explosion      ,  1000,octree              ,     12,             1999000,             1999000,        1
explosion      ,  1000,octree              ,     13,             1999000,             1999000,        1
explosion      ,  1000,octree              ,     14,             1999000,             1999000,        1
explosion      ,  1000,octree              ,     15,             1999000,             1999000,        1
explosion      ,  1000,octree              ,     16,             1999000,             1999000,        1
explosion      ,  1000,octree              ,     17,             1999000,             1999000,        1
explosion      ,  1000,octree              ,     18,             1999000,             1999000,        1
explosion      ,  1000,octree              ,     19,             1999000,             1999000,        1
explosion      ,  1000,octree              ,     20,             1999000,             1999000,        1
explosion      ,  1000,octree              ,     21,             1999000,             1999000,        1
explosion      ,  1000,octree              ,     22,             1999000,             1999000,        1
explosion      ,  1000,octree              ,     23,             1999000,             1999000,        1
explosion      ,  1000,octree              ,     24,             1999000,             1999000,        1
explosion      ,  1000,octree              ,     25,             1999000,             1999000,        1
explosion      ,  1000,octree              ,     26,             1999000,             1999000,        1
explosion      ,  1000,octree              ,     27,             1999000,             1999000,        1
explosion      ,  1000,octree              ,     28,             1999000,             1999000,        1
explosion      ,  1000,octree              ,     29,             1999000,             1999000,        1
explosion      ,  1000,octree              ,     30,             1999000,             1999000,        1
explosion      ,  1000,octree              ,     31,             1999000,             1999000,        1
explosion      ,  1000,octree              ,     32,             1999000,             1999000,        1
explosion      ,  1000,octree              ,     33,             1999000,             1999000,        1
explosion      ,  1000,octree              ,     34,             1999000,             1999000,        1
explosion      ,  1000,octree              ,     35,             1999000,             1999000,        1
explosion      ,  1000,octree              ,     36,             1999000,             1999000,        1
explosion      ,  1000,octree              ,     37,             1999000,             1999000,        1
explosion      ,  1000,octree              ,     38,             1999000,             1999000,        1
explosion      ,  1000,octree              ,     39,             1999000,             1999000,        1
explosion      ,  1000,octree+skin         ,      0,             1999000,             1999000,        1
explosion      ,  1000,octree+skin         ,      1,             1999000,             1999000,        0
explosion      ,  1000,octree+skin         ,      2,             1999000,             1999000,        0
explosion      ,  1000,octree+skin         ,      3,             1999000,             1999000,        0
explosion      ,  1000,octree+skin         ,      4,             1999000,             1999000,        0
explosion      ,  1000,octree+skin         ,      5,             1999000,             1999000,        0
explosion      ,  1000,octree+skin         ,      6,             1999000,             1999000,        0
explosion      ,  1000,octree+skin         ,      7,             1999000,             1999000,        0
explosion      ,  1000,octree+skin         ,      8,             1999000,             1999000,        0
explosion      ,  1000,octree+skin         ,      9,             1999000,             1999000,        0
explosion      ,  1000,octree+skin         ,     10,             1999000,             1999000,        0
explosion      ,  1000,octree+skin         ,     11,             1999000,             1999000,        0
explosion      ,  1000,octree+skin         ,     12,             1999000,             1999000,        0
explosion      ,  1000,octree+skin         ,     13,             1999000,             1999000,        0
explosion      ,  1000,octree+skin         ,     14,             1999000,             1999000,        0
explosion      ,  1000,octree+skin         ,     15,             1999000,             1999000,        0
explosion      ,  1000,octree+skin         ,     16,             1999000,             1999000,        0
explosion      ,  1000,octree+skin         ,     17,             1999000,             1999000,        0
explosion      ,  1000,octree+skin         ,     18,             1999000,             1999000,        0
explosion      ,  1000,octree+skin         ,     19,             1999000,             1999000,        0
explosion      ,  1000,octree+skin         ,     20,             1999000,             1999000,        0
explosion      ,  1000,octree+skin         ,     21,             1999000,             1999000,        0
explosion      ,  1000,octree+skin         ,     22,             1999000,             1999000,        0
explosion      ,  1000,octree+skin         ,     23,             1999000,             1999000,        0
explosion      ,  1000,octree+skin         ,     24,             1999000,             1999000,        0
explosion      ,  1000,octree+skin         ,     25,             1999000,             1999000,        0
explosion      ,  1000,octree+skin         ,     26,             1999000,             1999000,        0
explosion      ,  1000,octree+skin         ,     27,             1999000,             1999000,        0
explosion      ,  1000,octree+skin         ,     28,             1999000,             1999000,        0
explosion      ,  1000,octree+skin         ,     29,             1999000,             1999000,        0
explosion      ,  1000,octree+skin         ,     30,             1999000,             1999000,        0
explosion      ,  1000,octree+skin         ,     31,             1999000,             1999000,        0
explosion      ,  1000,octree+skin         ,     32,             1999000,             1999000,        0
explosion      ,  1000,octree+skin         ,     33,             1999000,             1999000,        0
explosion      ,  1000,octree+skin         ,     34,             1999000,             1999000,        0
explosion      ,  1000,octree+skin         ,     35,             1999000,             1999000,        0
explosion      ,  1000,octree+skin         ,     36,             1999000,             1999000,        0
explosion      ,  1000,octree+skin         ,     37,             1999000,             1999000,        0
explosion      ,  1000,octree+skin         ,     38,             1999000,             1999000,        0
explosion      ,  1000,octree+skin         ,     39,             1999000,             1999000,        0
